template_id,post_text,category,cta_type,link_included,image_upload_recommended,recommended_styles,scheduled_at,status,quality_note
T0001,AI 프로필 한 장 잘 뽑히면\n괜히 내일 아침부터 바꾸고 싶어짐\n밤이 그런 결심을 잘 만들지,image_recommended,none,no,yes,dreamy-wildflower|datecam-film|ulzzang-cam,2026-04-24 10:21,draft,
T0002,멋있게 남는 결과가 좋은지\n친구 반응 오는 결과가 좋은지\n\n둘 다 포기 못 하는 사람 많을 듯,soft_cta,soft,no,no,,2026-04-24 17:42,draft,
T0003,저장보다 공유가 먼저 나오는 결과는\n확실히 따로 있음\n\n내 기준엔 반응할 문장이 저절로 떠오르는 결과가 그렇더라,soft_cta,soft,no,no,,2026-04-24 21:54,draft,
T0004,나도 딱 그랬어\n하나만 해보고 자야지 했다가\n몇 장 더 돌리고 있었음 🌙\nhttps://www.styledrop.cloud/,direct_cta,direct,yes,no,,2026-04-25 12:38,draft,
T0005,권투 선수처럼 강한 톤과\n눈 오는 밤처럼 조용한 톤 중에\n내 얼굴이 어디서 더 살아날지 은근 궁금하지 않나,conversation,none,no,no,,2026-04-25 16:53,draft,
T0006,심심풀이처럼 시작했다가\n의외로 한두 장 더 보게 되는 서비스가 있잖아\n\n이번엔 딱 그 정도 밀도의 재미를 원했음,soft_cta,soft,no,no,,2026-04-25 22:14,draft,
T0007,라면머리 같은 카드가 좋은 이유는\n대충 어떤 느낌일지 알 것 같으면서도\n막상 내 얼굴 넣으면 전혀 다를 것 같아서임,soft_cta,soft,no,no,,2026-04-26 11:19,draft,
T0008,퇴근길에 내 사진 보다가\n아 오늘 너무 무난하게 살았나 싶으면\n다른 스타일로 한 번 바꿔보는 재미가 있어,soft_cta,soft,no,no,,2026-04-26 17:27,draft,
T0009,혼자만 재밌으면 금방 식는데\n누가 한 번 받아주면 갑자기 서비스 체감이 확 커지더라\n\n공유성 보는 이유가 딱 그거임,conversation,none,no,no,,2026-04-26 22:13,draft,
T0010,익숙한 셀카로 놀고 싶은지\n완전히 새로운 캐릭터가 되고 싶은지\n그 선을 고르는 재미가 있음\n\nhttps://www.styledrop.cloud,direct_cta,direct,yes,no,,2026-04-27 10:37,draft,
T0011,이 서비스는 결국\n예쁜 셀카를 만드는 것보다\n내 분위기를 꺼내는 쪽이 더 가까워,text_only,none,no,no,,2026-04-27 16:36,draft,
T0012,아까 테스트하다가\n내 얼굴이 생각보다 진지한 프로필처럼 나와서\n조금 당황했음\n프사 바꾸고 싶어질 정도였어,image_recommended,none,no,yes,datecam-film|ulzzang-cam|idol-photocard,2026-04-27 21:01,draft,
T0013,카드 하나가 세다는 건\n결과가 좋아서가 아니라 질문을 남겨서인 것 같음\n\n그 질문이 생기면 손이 자연스럽게 감,soft_cta,soft,no,no,,2026-04-28 12:01,draft,
T0014,예전엔 뭘 해주는지가 중요했고\n지금은 어떤 기분으로 쓰게 되는지가 더 중요해졌음\n\n가벼운 서비스일수록 특히,before_after_recommended,soft,no,yes,cinematic-horseback|bronze-statue-bench|club-flash,2026-04-28 16:48,draft,
T0015,나 혼자 만들었단 사실보다\n누군가가 써주고 웃었다는 사실이 더 오래 남더라\n그래서 계속 다듬게 됨,text_only,none,no,no,,2026-04-28 21:28,draft,
T0016,회사 끝나고 지친 얼굴로 찍은 사진도\n생각보다 분위기 있게 바뀌더라\n그게 좀 위로였어\nhttps://www.styledrop.cloud/,before_after_recommended,direct,yes,yes,club-flash|rainy-crosswalk|red-carpet-glam,2026-04-29 11:46,draft,
T0017,사람들이 오래 머무는 이유를 보면\n기능이 많아서가 아니라 생각보다 진입이 가벼워서더라\n\n복잡한 거 싫어하는 사람일수록 잘 맞을 수 있음,soft_cta,soft,no,no,,2026-04-29 17:19,draft,
T0018,예전엔 결과를 모으는 느낌이었고\n지금은 장면을 넘겨보는 느낌이 더 강함\n\n가볍게 즐기기엔 후자가 확실히 낫더라,before_after_recommended,soft,no,yes,red-carpet-glam|cinematic-horseback|bronze-statue-bench,2026-04-29 22:01,draft,
T0019,혼자 만든 서비스라서 그런지\n새벽 가까워질수록 반응이 더 신경 쓰여\n누가 조용히 해보고 갔을까 싶고,conversation,soft,no,no,,2026-04-30 11:38,draft,
T0020,이건 광고라기보다\n내가 만든 거 한번 봐달라는 말에 가깝다\n근데 결과는 꽤 괜찮게 뽑힘 👀\nhttps://www.styledrop.cloud/,direct_cta,direct,yes,yes,skydiving|idol-photocard|dreamy-wildflower,2026-04-30 18:36,draft,
T0021,단톡방에서 반응 오는 카드가 있고\n개인톡에서 더 웃긴 카드가 있더라\n\n공유 맥락까지 달라지는 게 재밌었음,soft_cta,none,no,no,,2026-04-30 21:21,draft,
T0022,짧게 구경해도 감 오는 서비스 좋아하는 사람이라면\n카드형 구조가 꽤 잘 맞을 수 있음\n\nhttps://www.styledrop.cloud,direct_cta,direct,yes,yes,dreamy-wildflower|red-carpet-glam|maid-cafe-heart,2026-05-01 11:02,draft,
T0023,프로필 컷도 챙기고 싶고\n장난스러운 컷도 놓치기 싫은 사람이라면\n카드 여러 장 넘겨보는 재미를 크게 느낄 수 있음,soft_cta,soft,no,no,,2026-05-01 17:07,draft,
T0024,오늘 점심시간에\n내가 만든 서비스 한 번만 구경해줘도 좋고\n마음에 드는 컷 하나 건지면 더 좋고\n나는 그걸로 꽤 오래 기분 좋을 듯\nhttps://www.styledrop.cloud/\n\n## 17시용 100개,direct_cta,direct,yes,no,,2026-05-01 21:53,draft,
T0025,예쁜 결과를 만드는 것과\n재밌는 경험을 만드는 건 다르더라\n\n이번엔 전자보다 후자에 더 가까운 쪽으로 밀어봤음,text_only,none,no,no,,2026-05-02 10:01,draft,
T0026,예측 가능한 결과만 쌓이면\n아무리 안정적이어도 호기심이 빨리 줄더라\n\n그래서 낯섦을 조금 더 남겨뒀다,before_after_recommended,none,no,yes,club-flash|rainy-crosswalk|red-carpet-glam,2026-05-02 16:57,draft,
T0027,나만 그런지 모르겠는데\n멋진 결과보다 장난스럽게 잘 나온 결과를 더 자주 다시 보게 됨\n\n이런 취향 가진 사람은 꽤 공감할 듯,soft_cta,soft,no,no,,2026-05-02 22:09,draft,
T0028,프사 고민이 제일 심해지는 시간도 밤인 것 같아\n그래서 이 시간대에 AI 프로필 반응이 좋나 봄 ✨\nhttps://www.styledrop.cloud/,direct_cta,direct,yes,yes,red-carpet-glam|maid-cafe-heart|skydiving,2026-05-03 11:48,draft,
T0029,혼자 개발할 때 늘 아쉬운 게\n사람 반응을 바로 못 보는 건데\n그래서 더 많이 써봐줬으면 싶다,text_only,none,no,no,,2026-05-03 17:26,draft,
T0030,예전엔 결과 저장이 끝이었다면\n지금은 다른 카드까지 눌러보면 성공이라 본다\n\n그 흐름 궁금하면 https://www.styledrop.cloud,before_after_recommended,direct,yes,yes,bronze-statue-bench|club-flash|rainy-crosswalk,2026-05-03 20:52,draft,
T0031,낮에는 재미로 눌렀다면\n밤에는 조금 더 나를 들여다보게 되는 서비스\n결국 그 차이 때문에 남는 것 같아,text_only,none,no,no,,2026-05-04 12:12,draft,
T0032,퀄 좋은 한 장과\n반응 오는 한 장 중 하나만 고르면\n다들 어느 쪽을 고를지 궁금하다\n\n나는 요즘 후자 쪽으로 기움,before_after_recommended,soft,no,yes,rainy-crosswalk|red-carpet-glam|cinematic-horseback,2026-05-04 18:28,draft,
T0033,재밌는 건\n잘 나온 한 장보다 친구 반응이 붙는 한 장이 더 오래 남는다는 거\n\n그 포인트를 계속 생각하면서 만들었음,soft_cta,none,no,no,,2026-05-04 20:36,draft,
T0034,결과물 경쟁처럼 보이는 서비스들 사이에서\n장면 선택 재미를 먼저 꺼내고 싶었음\n\n궁금하면 https://www.styledrop.cloud,direct_cta,direct,yes,yes,maid-cafe-heart|skydiving|idol-photocard,2026-05-05 12:22,draft,
T0035,공유하기 좋은 서비스는\n설명 안 붙여도 바로 반응할 포인트가 있더라\n\n그 한 번의 반응이 꽤 크다,soft_cta,soft,no,no,,2026-05-05 17:33,draft,
T0036,나도 원래 이런 거 잘 안 믿는데\n결과물 뜨는 순간\n아 이건 좀 저장하고 싶다 싶더라,soft_cta,soft,no,no,,2026-05-05 22:27,draft,
T0037,오늘 사람 너무 많이 만나서 지쳤는데\n집 가는 길에 내 얼굴로 다른 카드 몇 장 뽑아보니까\n생각보다 마음이 좀 풀리더라,image_recommended,none,no,yes,datecam-film|ulzzang-cam|idol-photocard,2026-05-06 10:31,draft,
T0038,혼자 만든 거라 더 조심스러운데\n이상하게 밤에는 솔직하게 말하게 된다\n재밌으면 같이 놀아줘 봐,text_only,none,no,no,,2026-05-06 18:26,draft,
T0039,방금 다시 테스트해봤는데\n이번엔 관상 결과가 좀 맞는 것 같아서 웃겼음\n너무 진지하게 보면 안 되는데 자꾸 보게 됨,image_recommended,none,no,yes,idol-photocard|red-carpet-glam|dreamy-wildflower,2026-05-06 20:47,draft,
T0040,비슷한 분위기만 반복되면 질리니까\n장면 간 온도차를 크게 준 쪽으로 만들었음\n\nhttps://www.styledrop.cloud,direct_cta,direct,yes,no,,2026-05-07 11:58,draft,
T0041,내가 만든 서비스인데도\n결과물 뜰 때마다 약간 남의 일처럼 재밌음\n그만큼 결과가 제각각이더라,image_recommended,none,no,yes,dreamy-wildflower|datecam-film|ulzzang-cam,2026-05-07 17:51,draft,
T0042,점심시간엔 뭔가 크게 결정 안 하잖아\n그냥 가볍게 구경하는 서비스가 좋음\n이건 그런 쪽이야,soft_cta,soft,no,no,,2026-05-07 22:06,draft,
T0043,눈길 가는 카드 하나만 있어도\nAI 사진 서비스 체감이 완전히 달라지더라\n\n그런 장면들 모아둔 곳\nhttps://www.styledrop.cloud,direct_cta,direct,yes,yes,red-carpet-glam|maid-cafe-heart|skydiving,2026-05-08 11:53,draft,
T0044,혼자 만드는 서비스라 많이 부족할 수도 있지만\n그래도 재미 하나는 놓치고 싶지 않았어\n그건 끝까지 붙잡았음,text_only,none,no,no,,2026-05-08 18:39,draft,
T0045,퍼스널컬러 결과 보면서\n오늘 왜 이 옷이 안 어울렸는지 깨달으면\n조금 허탈하고 조금 재밌음,conversation,none,no,no,,2026-05-08 21:24,draft,
T0046,전에는 보정앱처럼 느껴졌다면\n지금은 작은 놀이 서비스에 더 가까운 느낌임\n\n만드는 기준도 같이 바뀌더라,before_after_recommended,none,no,yes,club-flash|rainy-crosswalk|red-carpet-glam,2026-05-09 11:54,draft,
T0047,친구 얼굴 넣어봤을 때\n진지한 콘셉트가 더 웃긴지\n가벼운 콘셉트가 더 웃긴지\n\n이거 해보면 생각보다 갈림,soft_cta,soft,no,no,,2026-05-09 18:31,draft,
T0048,카드 이름만 보고\n이건 내 얼굴로 보면 이상하게 재밌겠는데 싶은 순간이 있음\n\n그런 장면 좋아하는 사람은 저장해둘 만할 듯,soft_cta,soft,no,no,,2026-05-09 21:27,draft,
T0049,2인 카드가 왜 재밌냐면\n결과보다 대화가 먼저 생기기 때문이더라\n\n그 감각 궁금하면 https://www.styledrop.cloud,conversation,direct,yes,no,,2026-05-10 11:06,draft,
T0050,AI 오디션 결과는\n매번 다른 말투로 나오는 것도 재밌음\n괜히 계속 다음 결과가 궁금해짐,image_recommended,none,no,yes,red-carpet-glam|dreamy-wildflower|datecam-film,2026-05-10 17:33,draft,
T0051,괜히 단톡방에 올리고 싶은 결과는 따로 있더라\n\n이번엔 너무 잘 만든 느낌보다\n반응하기 쉬운 느낌을 더 신경 썼음\n이런 방향 좋아하면 봐둬도 좋음,soft_cta,soft,no,no,,2026-05-10 22:17,draft,
T0052,지금 이 시간엔\n예쁜 것보다 공감 가는 게 좋잖아\n그래서 글도 서비스도 조금 덜 꾸몄어,text_only,none,no,no,,2026-05-11 12:13,draft,
T0053,결과가 예쁜 건 기본이고\n나는 요즘 그다음 이야기가 생기는지가 더 중요해졌음\n\n다들 서비스 볼 때 이런 포인트도 보나 궁금하다,soft_cta,soft,no,no,,2026-05-11 18:34,draft,
T0054,밤에 누워서 이런 거 보면\n괜히 셀카첩 뒤적이게 돼\n제일 잘 나온 사진 찾으려고,image_recommended,none,no,yes,idol-photocard|red-carpet-glam|dreamy-wildflower,2026-05-11 21:26,draft,
T0055,너라면\n첫 카드로 강한 콘셉트 고를지\n편안한 무드 고를지\n\n이 선택만 봐도 취향 보여서 재밌음,soft_cta,soft,no,no,,2026-05-12 10:19,draft,
T0056,점심 먹고 졸릴 때\n이런 거 하나 있으면 좀 깸\n내 사진이 갑자기 다른 세계관 사람이 돼버림,image_recommended,none,no,yes,dreamy-wildflower|datecam-film|ulzzang-cam,2026-05-12 17:43,draft,
T0057,상상되는 장면보다\n안 상상되는 장면이 더 오래 붙잡힐 때가 있음\n\n결과가 머릿속에 안 그려질수록 더 궁금하니까,soft_cta,soft,no,no,,2026-05-12 21:04,draft,
T0058,예전엔 한 장 만들고 끝나는 사용성이었다면\n지금은 하나 만들고 옆 카드도 눌러보는 흐름을 더 봄\n\n이 차이가 은근 크다,before_after_recommended,none,no,yes,red-carpet-glam|cinematic-horseback|bronze-statue-bench,2026-05-13 11:21,draft,
T0059,AI 이미지 서비스 만들면서 제일 많이 들은 말이\n“처음엔 재밌는데 금방 질린다”였음\n\n그 말 듣고\n계속 눌러보게 되는 구조를 더 오래 붙잡게 됐음,text_only,none,no,no,,2026-05-13 17:08,draft,
T0060,하나 잘 만드는 것보다\n계속 보게 만드는 쪽으로 시선을 옮겼음\n\n차이 느껴보고 싶으면 https://www.styledrop.cloud,before_after_recommended,direct,yes,yes,bronze-statue-bench|club-flash|rainy-crosswalk,2026-05-13 20:59,draft,
T0061,내가 만든 서비스라고 해서\n무조건 좋게 보진 않거든\n근데 이건 진짜 내가 먼저 꽤 자주 쓰게 됐어,text_only,none,no,no,,2026-05-14 11:38,draft,
T0062,카드 제목만 봐도\n결과를 상상하게 되는 순간이 있지\n\n그런 흐름으로 만든 장면들이 궁금하면\nhttps://www.styledrop.cloud,direct_cta,direct,yes,yes,dreamy-wildflower|red-carpet-glam|maid-cafe-heart,2026-05-14 17:09,draft,
T0063,사진 서비스에서도\n너무 기능적인 것보다 감성 있는 쪽에 손이 가는 사람 있지\n\n나는 확실히 그쪽이라 이런 걸 더 만들게 됨,soft_cta,soft,no,no,,2026-05-14 20:57,draft,
T0064,퇴근길에 가볍게 눌렀다가\n생각보다 오래 남는 결과를 보면\n이상하게 잘 만들었다는 안도감이 든다 ✨\nhttps://www.styledrop.cloud/,direct_cta,direct,yes,yes,maid-cafe-heart|skydiving|idol-photocard,2026-05-15 10:16,draft,
T0065,나만 아직 무드 있는 프사 없나\n이 생각 들기 시작하면\n결국 한 번 눌러보게 되는 듯,soft_cta,soft,no,no,,2026-05-15 18:16,draft,
T0066,퇴근 시간엔 설명 긴 거 안 보잖아\n그래서 최대한 바로 이해되고\n바로 결과 나오는 흐름으로 만들었어,image_recommended,none,no,yes,dreamy-wildflower|datecam-film|ulzzang-cam,2026-05-15 21:22,draft,
T0067,비 오는 장면이 먼저인지\n웃긴 콘셉트가 먼저인지\n취향 테스트하듯 골라보는 재미가 있음\n\nhttps://www.styledrop.cloud,direct_cta,direct,yes,no,,2026-05-16 11:24,draft,
T0068,내 얼굴이 영화 포스터처럼 나올 줄은 몰랐는데\n막상 그러고 나니까\n프사도 바꾸고 싶어지더라,image_recommended,none,no,yes,ulzzang-cam|idol-photocard|red-carpet-glam,2026-05-16 18:29,draft,
T0069,같이 사진 넣어볼 사람 한 명 떠오르면\n이런 서비스는 이미 절반은 성공한 느낌임\n\n다들 그런 사람 하나쯤 있지 않나,soft_cta,soft,no,no,,2026-05-16 21:23,draft,
T0070,AI 사진이 뻔하게 느껴졌다면\n이번엔 결과보다 카드 고르는 순간을 먼저 봐도 됨\n\nhttps://www.styledrop.cloud,direct_cta,direct,yes,yes,skydiving|idol-photocard|dreamy-wildflower,2026-05-17 10:52,draft,
T0071,점심 먹다가 우연히 들어온 사람도\n바로 이해할 수 있게 만들고 싶었어\n설명 길면 나도 안 읽으니까,text_only,none,no,no,,2026-05-17 18:17,draft,
T0072,내 얼굴이 카드 한 장으로 정리되면\n하루가 끝난 느낌도 같이 들어\n그래서 자기 전에 보기 좋음,image_recommended,none,no,yes,datecam-film|ulzzang-cam|idol-photocard,2026-05-17 21:19,draft,
T0073,다들 카드 볼 때\n직관적으로 끌리는 것부터 누르는 편인지\n의외성 큰 것부터 누르는 편인지 궁금하다,soft_cta,soft,no,no,,2026-05-18 12:29,draft,
T0074,이 시간대엔\n예쁘다보다 분위기 있다가 더 크게 들려\n그래서 결과 톤도 그렇게 잡아봤어,image_recommended,none,no,yes,idol-photocard|red-carpet-glam|dreamy-wildflower,2026-05-18 18:07,draft,
T0075,익숙한 얼굴로 낯선 장면 보는 게 재밌는 사람과\n완전히 새로운 캐릭터 되는 게 좋은 사람\n둘 다 꽤 선명하게 갈리더라,soft_cta,soft,no,no,,2026-05-18 21:31,draft,
T0076,잘 만든 결과보다\n잘 고르게 만드는 구조가 더 어렵더라\n\n그래서 오히려 그 부분을 더 많이 만지게 됐다,before_after_recommended,none,no,yes,club-flash|rainy-crosswalk|red-carpet-glam,2026-05-19 10:01,draft,
T0077,서비스 만드는 입장에서 제일 재미있는 순간은\n예쁘다는 반응보다 웃으면서 다시 누르는 순간임\n\n그 반응이 나오면 방향이 맞았다는 뜻이더라,text_only,none,no,no,,2026-05-19 17:46,draft,
T0078,내 사진이 서부 총잡이로 뜬 거 보고\n이상하게 오늘 업무보다 그게 더 기억남\n그 정도로 존재감은 있음,image_recommended,none,no,yes,ulzzang-cam|idol-photocard|red-carpet-glam,2026-05-19 22:06,draft,
T0079,혼자 만드는 서비스라\n별거 아닌 클릭 하나도 크게 느껴짐\n근데 이건 진짜 재미로 보기 좋아서\n점심에 가볍게 눌러보면 될 듯,soft_cta,soft,no,no,,2026-05-20 11:39,draft,
T0080,보기 전부터 머릿속이 바빠지는 카드가 있다면\n그건 이미 꽤 괜찮은 시작이라고 봄\n\n그런 류 모아둔 곳은 여기\nhttps://www.styledrop.cloud,direct_cta,direct,yes,yes,skydiving|idol-photocard|dreamy-wildflower,2026-05-20 18:17,draft,
T0081,평소에도 선택할 때\n무난함보다 포인트 있는 걸 고르는 사람은\n의외로 강한 콘셉트 카드를 더 잘 즐기더라,soft_cta,soft,no,no,,2026-05-20 21:38,draft,
T0082,회사에서 기 다 빨리고 나면\n뭔가 대단한 위로보다\n그냥 다른 무드의 나를 보는 게 더 낫더라,image_recommended,none,no,yes,datecam-film|ulzzang-cam|idol-photocard,2026-05-21 12:19,draft,
T0083,서부 총잡이 버전은 진짜\n친구들끼리 돌려보면 웃길 것 같아\n근데 또 결과는 의외로 멋있음,soft_cta,soft,no,no,,2026-05-21 17:26,draft,
T0084,2인 카드 좋아하는 사람들은\n대체로 결과보다 상황 설정을 더 재밌어하더라\n\n이 취향 공감하는 사람 꽤 있을 듯,soft_cta,soft,no,no,,2026-05-21 21:32,draft,
T0085,사람 사이에 치이고 돌아가는 길에\n나를 너무 현실적으로만 보게 될 때가 있잖아\n그때 조금 다른 창을 열어주는 느낌으로 만들었어,text_only,none,no,no,,2026-05-22 10:56,draft,
T0086,감성 카드 결과는\n밤에 보면 유독 저장 욕구가 세짐\n낮보다 덜 민망해서 그런가,soft_cta,soft,no,no,,2026-05-22 17:39,draft,
T0087,새로운 AI 서비스라도\n첫 화면에서 지루하면 거기서 끝이더라\n\n그래서 들어오자마자 고를 맛이 있게 만드는 데 집중했음,text_only,none,no,no,,2026-05-22 21:32,draft,
T0088,2인 카드 넣으면서 느낀 건\n혼자 보는 재미랑 같이 보는 재미가 정말 다르다는 거였음\n\n같이 넣는 순간 대화 소재가 바로 생김,soft_cta,none,no,no,,2026-05-23 10:07,draft,
T0089,가볍게 구경하다가\n하나 꽂히면 바로 해보는 스타일이면\n장면형 서비스에서 체감이 빠르게 올 수 있음,soft_cta,soft,no,no,,2026-05-23 18:09,draft,
T0090,혼자 노는 서비스는 많지만\n친구 하나만 끌어들여도 재미가 달라지는 서비스는 의외로 적더라\n\n이번엔 그쪽에 신경을 많이 썼음,soft_cta,none,no,no,,2026-05-23 21:13,draft,
T0091,서부 총잡이도 해보고\n우주비행사도 해보고\n결국 제일 오래 본 건 내 기본 분위기랑 비슷한 컷이더라,soft_cta,soft,no,no,,2026-05-24 11:43,draft,
T0092,사진 결과가 좋다는 말보다\n“다른 것도 눌러보게 된다”는 말이 더 반갑더라\n\n서비스를 계속 보게 만드는 건\n결국 호기심이더라고,text_only,none,no,no,,2026-05-24 17:12,draft,
T0093,예쁜 결과보다\n결과 나오기 전이 더 재밌는 서비스가 있더라\n\n이런 구조 좋아하면 꽤 취향일 수 있음,soft_cta,soft,no,no,,2026-05-24 22:17,draft,
T0094,사진 한 장으로 무드가 확 바뀌는 거\n생각보다 재밌더라 🙂\n나 혼자 디자인하고 붙인 서비스인데\n가볍게 한 번 눌러봐주면 진짜 고마움\nhttps://www.styledrop.cloud/,before_after_recommended,direct,yes,yes,cinematic-horseback|bronze-statue-bench|club-flash,2026-05-25 11:59,draft,
T0095,다들 AI 사진 볼 때\n퀄 먼저 보는 편인지 장면 먼저 보는 편인지 궁금함\n\n나는 후자가 훨씬 오래 간다고 느꼈다,soft_cta,soft,no,no,,2026-05-25 17:02,draft,
T0096,내 얼굴이 감성 카드처럼 정리돼 나오는 순간\n이상하게 내가 조금 더 선명해 보이더라\n밤이라 그런가 싶기도 하고,image_recommended,none,no,yes,dreamy-wildflower|datecam-film|ulzzang-cam,2026-05-25 21:49,draft,
T0097,친구랑 같이 웃는 결과가 좋은지\n혼자 저장해두는 결과가 좋은지\n\n이거에 따라 취향이 진짜 갈리는 듯,soft_cta,soft,no,no,,2026-05-26 12:16,draft,
T0098,처음엔 퀄만 좋으면 될 줄 알았는데\n막상 오래 보는 건 다른 데 있더라\n\n사람들은 완성컷보다\n내 얼굴이 어디까지 바뀌는지에 더 오래 머묾,conversation,none,no,no,,2026-05-26 16:36,draft,
T0099,몽골 전사 같은 강한 설정이 더 궁금한지\n일상적인 장면이 더 궁금한지\n이것도 사람 취향 많이 타더라,soft_cta,none,no,no,,2026-05-26 22:26,draft,
T0100,관상 테스트 같은 건\n원래 안 믿는데도\n밤엔 괜히 한 번 더 보게 된다,soft_cta,soft,no,no,,2026-05-27 12:31,draft,
T0101,오늘 하루 별거 없었다 싶어도\n사진 한 장으로 분위기가 바뀌면\n이상하게 기분이 좀 정리돼,before_after_recommended,none,no,yes,club-flash|rainy-crosswalk|red-carpet-glam,2026-05-27 16:36,draft,
T0102,친구한테 한번 보내봐도 돼\n딱 이 말 붙이기 쉬운 서비스면\n일단 반은 한 것 같더라,soft_cta,soft,no,no,,2026-05-27 21:52,draft,
T0103,혼자 보기보다\n친구한테 보여주고 싶은 결과가 더 강할 때가 있음\n\n그쪽 반응 좋아하면 아마 바로 감 올 거야\nhttps://www.styledrop.cloud,direct_cta,direct,yes,yes,red-carpet-glam|maid-cafe-heart|skydiving,2026-05-28 11:49,draft,
T0104,하루 종일 남 일하다가\n집 가는 길엔 내 얘기 좀 보고 싶잖아\n그래서 나를 다시 보게 되는 기능들을 넣었어,text_only,none,no,no,,2026-05-28 17:04,draft,
T0105,밤에는 사람 얼굴보다\n사람 무드를 더 보게 돼\n그래서 결과도 그런 방향으로 만졌어,image_recommended,none,no,yes,red-carpet-glam|dreamy-wildflower|datecam-film,2026-05-28 21:29,draft,
T0106,내가 보는 너 기능은\n친구들이 날 어떻게 느끼는지 궁금해서 넣었는데\n이상하게 계속 신경 쓰이게 됨,conversation,none,no,no,,2026-05-29 10:46,draft,
T0107,친구 셀카 넣어서 해볼 땐\n멋있는 장면이 더 좋은지 웃긴 장면이 더 좋은지 궁금함\n\n나는 의외로 후자가 반응 더 좋았음,soft_cta,soft,no,no,,2026-05-29 16:42,draft,
T0108,엄청 과하게 추천하진 않을게\n그냥 소소하게 들어와서 한 장면씩 넘겨보는 재미가 있다 정도\n\nhttps://www.styledrop.cloud,direct_cta,direct,yes,no,,2026-05-29 21:03,draft,
T0109,조용한 무드도 좋지만\n너무 차분하기만 한 건 심심한 사람이라면\n강한 콘셉트 카드가 꽤 반가울 수 있음,image_recommended,none,no,yes,idol-photocard|red-carpet-glam|dreamy-wildflower,2026-05-30 11:37,draft,
T0110,이건 뭔가 자랑보다\n내가 만든 거 한 번 같이 놀아달라는 말에 가까워\n친구한테 보내기 좋은 쪽으로 만들었고,soft_cta,soft,no,no,,2026-05-30 17:53,draft,
T0111,셀카는 넘치는데\n남는 건 별로 없다고 느껴서\n카드처럼 간직되는 쪽으로 만들어봤어,image_recommended,none,no,yes,dreamy-wildflower|datecam-film|ulzzang-cam,2026-05-30 20:57,draft,
T0112,눈 내리는 밤에 선 내 얼굴과\n인형뽑기 기계 안에 들어간 내 얼굴은\n분명 완전히 다른 느낌일 텐데\n\n그 차이가 재밌더라,soft_cta,none,no,no,,2026-05-31 11:56,draft,
T0113,불 꺼진 방에서 보게 되는 서비스는\n결과가 예뻐야 하는 게 아니라\n계속 생각나야 한다고 느꼈어,image_recommended,none,no,yes,ulzzang-cam|idol-photocard|red-carpet-glam,2026-05-31 17:53,draft,
T0114,회사 일 말고\n내가 만든 걸 누가 써준다는 감각은\n아직도 쉽게 익숙해지지 않음,conversation,none,no,no,,2026-05-31 21:13,draft,
T0115,혼자도 괜찮지만\n누군가랑 같이 보면 더 살아나는 카드들이 있음\n\n그 느낌 보고 싶으면 https://www.styledrop.cloud,direct_cta,direct,yes,yes,skydiving|idol-photocard|dreamy-wildflower,2026-06-01 11:37,draft,
T0116,혼자 개발하는 밤은 늘 비슷한데\n누가 조용히 써주고 간 날은 좀 다르게 끝나더라\n그게 계속 기억나,conversation,none,no,no,,2026-06-01 17:41,draft,
T0117,내 사진 넣고\n오늘은 어떤 장면이 더 어울릴지 보는 재미가 있음\n\n그 감각 좋아하면 https://www.styledrop.cloud,direct_cta,direct,yes,yes,dreamy-wildflower|red-carpet-glam|maid-cafe-heart,2026-06-01 22:06,draft,
T0118,나중에 다시 보는 결과는\n대체로 누가 반응했던 결과더라\n\n혼자 보기에 좋은 컷과\n보여주기 좋은 컷은 정말 다름,conversation,soft,no,no,,2026-06-02 11:47,draft,
T0119,괜히 과하게 추천하진 않을게\n근데 장면 구경하는 재미는 생각보다 확실히 있음\n\nhttps://www.styledrop.cloud,direct_cta,direct,yes,no,,2026-06-02 17:34,draft,
T0120,내가 보기엔 그냥 내 얼굴인데\n결과물 속에선 낯설고 또 나 같아서\n그 묘한 느낌이 좋아,image_recommended,none,no,yes,red-carpet-glam|dreamy-wildflower|datecam-film,2026-06-02 22:16,draft,
T0121,이거 친구한테 보내면\n“뭐야 ㅋㅋ”가 먼저 나올지 “오 괜찮네”가 먼저 나올지\n예상하는 재미도 있음,soft_cta,soft,no,no,,2026-06-03 10:04,draft,
T0122,퇴근 시간에는\n좋다 싫다보다\n이상하게 오래 생각나는 게 더 중요한 것 같아\n그래서 결과의 여운을 신경 썼어,image_recommended,none,no,yes,datecam-film|ulzzang-cam|idol-photocard,2026-06-03 16:43,draft,
T0123,누가 봐도 예쁜 결과보다\n내 얼굴로 이 장면을 보면 어떨지 궁금한 결과가 더 셌음\n\n만들면서 그 차이를 계속 느꼈다,conversation,none,no,no,,2026-06-03 21:14,draft,
T0124,프로필용 먼저 볼지\n친구 공유용 먼저 볼지\n취향 따라 완전히 다르게 볼 수 있음\n\nhttps://www.styledrop.cloud,direct_cta,direct,yes,yes,maid-cafe-heart|skydiving|idol-photocard,2026-06-04 10:57,draft,
T0125,점심시간 5분 남았을 때\n딱 해보기 좋은 정도의 가벼움\n근데 결과는 꽤 오래 남음,soft_cta,soft,no,no,,2026-06-04 16:47,draft,
T0126,어떤 카드는 결과를 보기도 전에\n친구한테 보내는 장면까지 상상됨\n\n그런 카드가 확실히 힘이 세더라,soft_cta,soft,no,no,,2026-06-04 22:09,draft,
T0127,밤에 듣고 싶은 말은 예쁘다가 아니라\n와 너 이런 분위기도 있네일 때가 있잖아\n이 서비스는 좀 그쪽이야,text_only,none,no,no,,2026-06-05 10:07,draft,
T0128,구경만 해도 손이 가는 카드가 있으면\n서비스 체감이 완전히 달라지더라\n\n그 지점을 만들어보려고 꽤 오래 만졌음\nhttps://www.styledrop.cloud,direct_cta,direct,yes,yes,red-carpet-glam|maid-cafe-heart|skydiving,2026-06-05 17:33,draft,
T0129,카드 한 장 보고\n친구 얼굴 하나 바로 떠오르면 이미 게임 끝임\n\n그런 장면은 보기 전부터 대화가 시작되더라,soft_cta,soft,no,no,,2026-06-05 22:17,draft,
T0130,퇴근길엔 뭔가 추천하고 싶은 마음이 생기잖아\n그때 무난하게 건네기 좋은 서비스로 만들고 싶었어\nhttps://www.styledrop.cloud/,direct_cta,direct,yes,no,,2026-06-06 12:39,draft,
T0131,혼자 작업실 같은 방에서 만들다가\n유난히 밤에 잘 어울린다고 느낀 결과들이 있어\n조용히 오래 보는 컷들,image_recommended,none,no,yes,dreamy-wildflower|datecam-film|ulzzang-cam,2026-06-06 17:09,draft,
T0132,잘 나온 사진이 필요할 때도 있지만\n가볍게 놀고 싶을 때는 다른 기준이 생기더라\n\n그럴 때 보는 서비스로 만들고 싶었다,soft_cta,soft,no,no,,2026-06-06 20:46,draft,
T0133,분위기 있는 밤 장면이 더 끌리는지\n캐릭터 확실한 설정이 더 끌리는지\n\n사람들 반응 보면 진짜 반반 느낌임,soft_cta,soft,no,no,,2026-06-07 12:01,draft,
T0134,설명보다 감이 먼저 오는 서비스가 오래 남더라\n그래서 카드형으로 최대한 가볍게 풀었음\n\nhttps://www.styledrop.cloud,direct_cta,direct,yes,yes,maid-cafe-heart|skydiving|idol-photocard,2026-06-07 16:59,draft,
T0135,나 혼자 만든 거라 그런지\n작은 반응도 크게 남는데\n이건 진짜 편하게 눌러봐도 되는 쪽이야,soft_cta,soft,no,no,,2026-06-07 21:42,draft,
T0136,오늘따라 내가 좀 무채색 같으면\n이런 걸로 다른 결의 나를 보는 것도 괜찮더라 ✨\nhttps://www.styledrop.cloud/,direct_cta,direct,yes,no,,2026-06-08 11:59,draft,
T0137,한 장 완성 중심에서\n여러 장면 체험 중심으로 옮긴 이유가 궁금하다면\n\n보면 바로 감 올 거야\nhttps://www.styledrop.cloud,before_after_recommended,direct,yes,yes,rainy-crosswalk|red-carpet-glam|cinematic-horseback,2026-06-08 18:04,draft,
T0138,눈 내리는 밤 같은 조용한 장면이 좋은지\n강한 캐릭터 카드가 더 좋은지\n\n이거 의외로 취향 진짜 갈린다,soft_cta,soft,no,no,,2026-06-08 20:51,draft,
T0139,전에는 AI 사진이\n잘 나왔는지만 봤고\n\n지금은 어떤 장면을 고를지 고민하는 시간이 더 중요해졌음,before_after_recommended,none,no,yes,cinematic-horseback|bronze-statue-bench|club-flash,2026-06-09 10:29,draft,
T0140,비슷한 결과물에 피로한 사람들 보면\n새 필터보다 새 상황을 더 재밌어하더라\n\n그래서 이번엔 얼굴보다 맥락을 먼저 설계했음,text_only,none,no,no,,2026-06-09 17:11,draft,
T0141,“잘 나온 사진”보다\n“이거 나 한번 넣어보고 싶다”가 먼저 드는 타입이면\n장면형 서비스가 훨씬 잘 맞는다,image_recommended,none,no,yes,dreamy-wildflower|datecam-film|ulzzang-cam,2026-06-09 21:09,draft,
T0142,오늘 내가 좀 흐리게 느껴지는 날엔\n다른 버전의 나를 한 번 보는 것도 괜찮더라\n그게 생각보다 힘이 됨,soft_cta,soft,no,no,,2026-06-10 10:27,draft,
T0143,처음엔 예쁜 결과가 전부였는데\n지금은 이야기 붙는 결과가 더 중요해졌다\n\n서비스를 보는 눈도 같이 달라짐,before_after_recommended,soft,no,yes,red-carpet-glam|cinematic-horseback|bronze-statue-bench,2026-06-10 16:36,draft,
T0144,하루 종일 일하고 나면\n나를 예쁘게 꾸미는 것보다\n나를 재미있게 다시 보고 싶어질 때가 있어,text_only,none,no,no,,2026-06-10 22:28,draft,
T0145,내 얼굴로 AI 프로필 뽑아봤는데\n예상보다 훨씬 덜 민망하고\n훨씬 더 잘 나왔어 😶\nhttps://www.styledrop.cloud/,direct_cta,direct,yes,yes,skydiving|idol-photocard|dreamy-wildflower,2026-06-11 11:19,draft,
T0146,퍼스널컬러 기능 넣고 나서\n나도 립 고를 때 조금 덜 헤매더라\n이런 소소한 쪽이 의외로 오래감,text_only,none,no,no,,2026-06-11 18:06,draft,
T0147,내 얼굴이 카드처럼 정리돼서 나오면\n오늘 하루도 조금 정리되는 기분이 들더라\n그 느낌이 괜찮았어,image_recommended,none,no,yes,datecam-film|ulzzang-cam|idol-photocard,2026-06-11 22:01,draft,
T0148,요즘 AI 사진은\n잘 나와도 금방 잊히는 경우가 많더라\n\n그래서 이번엔 결과 한 장보다\n다음 장면이 궁금해지는 흐름을 먼저 만들었음,text_only,none,no,no,,2026-06-12 10:19,draft,
T0149,무난한 카드만 있으면\n처음엔 편해도 금방 심심해지더라\n\n강약을 섞으니까 확실히 반응 폭이 넓어졌음,before_after_recommended,none,no,yes,cinematic-horseback|bronze-statue-bench|club-flash,2026-06-12 17:32,draft,
T0150,프로필용 느낌이 더 끌리는지\n밈처럼 친구 보내기 좋은 느낌이 더 끌리는지\n\n이거 진짜 취향 테스트 같다,soft_cta,soft,no,no,,2026-06-12 20:43,draft,
T0151,밤에는 유독\n남들 프사 하나에도 시선이 오래 가잖아\n그래서 나도 그런 무드를 만드는 걸 해봤어,image_recommended,none,no,yes,dreamy-wildflower|datecam-film|ulzzang-cam,2026-06-13 11:17,draft,
T0152,좋은 결과는 혼자 아끼게 되고\n재밌는 결과는 꼭 보내게 되더라\n\n이번엔 후자의 순간을 더 늘리고 싶었음,soft_cta,soft,no,no,,2026-06-13 17:58,draft,
T0153,전에는 기술을 보여주는 느낌이었다면\n지금은 놀이감을 꺼내놓는 느낌에 더 가까움\n\n그래서 톤도 훨씬 가볍게 잡게 됐음,before_after_recommended,none,no,yes,red-carpet-glam|cinematic-horseback|bronze-statue-bench,2026-06-13 21:38,draft,
T0154,“이건 내 얼굴로 돌리면 어떨까”\n이 생각이 들면 이미 반쯤 시작된 거더라\n\n이번엔 그 순간을 많이 만들고 싶었음,soft_cta,none,no,no,,2026-06-14 11:49,draft,
T0155,하루 종일 기능만 보다가\n사람 얼굴이 올라간 결과물 볼 때\n그제야 서비스가 살아나는 느낌이 남아\nhttps://www.styledrop.cloud/,direct_cta,direct,yes,yes,skydiving|idol-photocard|dreamy-wildflower,2026-06-14 18:04,draft,
T0156,혼자 디자인하고 개발하다 보니까\n예쁜 것보다 먼저\n한 번 더 눌러보게 되는지가 중요하더라\n그래서 재밌는 쪽으로 많이 만졌어,soft_cta,soft,no,no,,2026-06-14 20:38,draft,
T0157,분위기만 바뀌어도\n사람이 완전 달라 보이더라\n이거 만들면서 제일 재밌었던 부분이 그거였음,before_after_recommended,none,no,yes,rainy-crosswalk|red-carpet-glam|cinematic-horseback,2026-06-15 12:09,draft,
T0158,이거 혼자 보기보다\n친구한테 던졌을 때 더 재밌는 카드가 꽤 있음\n\n특히 결과에 한마디 붙이기 쉬운 쪽이 반응이 빠르더라,soft_cta,soft,no,no,,2026-06-15 17:57,draft,
T0159,비슷한 결과에 질렸다면\n이번엔 결과보다 궁금증이 먼저 생기는지부터 봐도 됨\n\n감 오는 카드가 꽤 있을 거야\nhttps://www.styledrop.cloud,direct_cta,direct,yes,yes,maid-cafe-heart|skydiving|idol-photocard,2026-06-15 20:31,draft,
T0160,점심시간에 무난하게 쓸 서비스 찾는 사람 있으면\n이건 설명보다 직접 한 번 돌려보는 게 빠름\n생각보다 금방 이해됨,soft_cta,soft,no,no,,2026-06-16 11:47,draft,
T0161,내 얼굴을 AI 감독이 심사해주는 기능 넣었는데\n솔직히 만들면서도 웃겼거든\n근데 막상 돌리면 결과 기다리게 됨,image_recommended,none,no,yes,dreamy-wildflower|datecam-film|ulzzang-cam,2026-06-16 16:57,draft,
T0162,이건 뭐랄까\n엄청 진지하게 쓰는 서비스보다 소소하게 들어가 보는 서비스에 가까움\n\nhttps://www.styledrop.cloud,direct_cta,direct,yes,no,,2026-06-16 21:16,draft,
T0163,무드 있는 결과도 좋고\n웃긴 결과도 포기 못 하는 타입이면\n카드 구경하는 재미가 꽤 클 수 있음,image_recommended,none,no,yes,ulzzang-cam|idol-photocard|red-carpet-glam,2026-06-17 11:57,draft,
T0164,퇴근 후에 보면\n낮엔 지나쳤던 디테일이 더 들어와\n그래서 이 시간대에 써본 사람 반응이 궁금해\nhttps://www.styledrop.cloud/,direct_cta,direct,yes,no,,2026-06-17 17:09,draft,
T0165,오늘도 내 사진 보면서 느낀 건데\n사람은 각도보다 분위기가 더 크더라\n그래서 계속 그쪽으로 손보고 있어,image_recommended,none,no,yes,red-carpet-glam|dreamy-wildflower|datecam-film,2026-06-17 20:52,draft,
T0166,혼자 개발하면서 제일 좋았던 순간은\n누가 써보고 바로 친구한테 보냈다는 얘기 들었을 때\n그 반응이 너무 좋더라,conversation,none,no,no,,2026-06-18 12:13,draft,
T0167,내 얼굴이 이렇게까지\n캐릭터처럼 바뀔 수 있구나 싶어서\n혼자 몇 번 더 돌려봤다 🤠\nhttps://www.styledrop.cloud/,direct_cta,direct,yes,yes,dreamy-wildflower|red-carpet-glam|maid-cafe-heart,2026-06-18 17:39,draft,
T0168,결과가 좋아도 공유가 안 되면\n의외로 빨리 잊히는 경우가 많았음\n\n반응이 오가는 순간이 서비스 기억을 더 키우더라,soft_cta,none,no,no,,2026-06-18 21:48,draft,
T0169,결과 중심에서 경험 중심으로 옮긴 게\n이번에 제일 큰 변화였음\n\n딱 그 결로 보고 싶으면 https://www.styledrop.cloud,before_after_recommended,direct,yes,yes,cinematic-horseback|bronze-statue-bench|club-flash,2026-06-19 12:17,draft,
T0170,결과물을 보는 재미도 있지만\n나는 아직 안 본 결과를 상상하는 재미가 더 크더라\n\n그래서 카드형 구성이 잘 맞았음,soft_cta,soft,no,no,,2026-06-19 18:33,draft,
T0171,내가 만든 서비스인데\n친구들이 먼저 자기 사진 넣어보는 거 보니까\n묘하게 뿌듯했음,image_recommended,none,no,yes,dreamy-wildflower|datecam-film|ulzzang-cam,2026-06-19 21:29,draft,
T0172,혼자 보는 용도로는 안 열었을 카드도\n친구랑 같이 할 생각하면 갑자기 끌릴 때가 있음\n\n그 감정이 은근 재밌음,soft_cta,soft,no,no,,2026-06-20 11:51,draft,
T0173,단톡방용 결과가 좋은지\n스토리용 결과가 좋은지\n그 취향부터 나뉘는 게 재밌다\n\nhttps://www.styledrop.cloud,direct_cta,direct,yes,yes,red-carpet-glam|maid-cafe-heart|skydiving,2026-06-20 17:38,draft,
T0174,결과가 잘 나왔다는 말보다\n친구가 자기 사진으로도 해봤다는 말이 더 반갑더라\n\n혼자 끝나지 않는 구조를 만들고 싶었던 이유도 그거였음,soft_cta,soft,no,no,,2026-06-20 21:11,draft,
T0175,방금 해봤는데\n내 얼굴이 이렇게까지 무드 있게 나올 줄은 몰랐어\n조용히 저장해두기 좋은 결과가 뜸,soft_cta,soft,no,no,,2026-06-21 11:02,draft,
T0176,결과 하나만 잘 뽑히면 된다고 생각하던 때보다\n지금은 첫 클릭이 재밌어야 한다는 확신이 훨씬 큼\n\n이 포인트 진짜 중요함,before_after_recommended,soft,no,yes,club-flash|rainy-crosswalk|red-carpet-glam,2026-06-21 16:52,draft,
T0177,하루 끝에 작은 호기심 하나 남기고 싶어서 만든 서비스야\n광고처럼 보이기보단\n그냥 나도 이런 거 만들었다는 얘기에 가깝고\n재밌게 써주면 그걸로 충분해\nhttps://www.styledrop.cloud/,direct_cta,direct,yes,no,,2026-06-21 22:22,draft,
T0178,회사가 끝난 뒤의 얼굴은\n낮보다 솔직해서 더 재밌는 결과가 나오는 것 같아\n이상하게 그 시간이 있음,image_recommended,none,no,yes,ulzzang-cam|idol-photocard|red-carpet-glam,2026-06-22 11:02,draft,
T0179,퇴근 시간엔 너무 자극적인 건 싫고\n그렇다고 심심한 것도 싫잖아\n딱 그 중간 지점을 노렸어,text_only,none,no,no,,2026-06-22 18:28,draft,
T0180,프로필용으로 보든\n친구 보내는 용도로 보든\n가볍게 놀기엔 꽤 편한 구조로 만들었음\n\nhttps://www.styledrop.cloud,direct_cta,direct,yes,yes,skydiving|idol-photocard|dreamy-wildflower,2026-06-22 21:42,draft,
T0181,퇴근 후에 드는 생각들은 대체로 솔직해서\n이 시간대 반응이 제일 믿음이 간다\n그래서 더 떨림,text_only,none,no,no,,2026-06-23 12:36,draft,
T0182,무난한 결과를 여러 개 쌓는 것보다\n성격 다른 결과를 한두 개 남기는 게 더 강하더라\n\n그래서 카드 톤을 더 벌려봤다,before_after_recommended,soft,no,yes,rainy-crosswalk|red-carpet-glam|cinematic-horseback,2026-06-23 18:07,draft,
T0183,1인 개발로 만든 서비스라\n크게 소리치기보다\n이렇게 조용히 써달라고 말하게 된다,text_only,none,no,no,,2026-06-23 21:13,draft,
T0184,방금도 테스트하다가\n프로필용 컷 하나 건졌어\n혼자 만든 건데 혼자 제일 잘 쓰는 중,image_recommended,none,no,yes,idol-photocard|red-carpet-glam|dreamy-wildflower,2026-06-24 10:07,draft,
T0185,오늘은 그냥\n나를 다른 무드로 한 번 보고 싶다\n이 마음이면 충분한 서비스야,soft_cta,soft,no,no,,2026-06-24 18:36,draft,
T0186,아까 내 사진 넣어봤는데\n오늘따라 유난히 무드 있게 나와서\n괜히 저장해뒀다 👀\nhttps://www.styledrop.cloud/,direct_cta,direct,yes,yes,idol-photocard|dreamy-wildflower|red-carpet-glam,2026-06-24 22:18,draft,
T0187,의외로 사람들이 기억하는 건\n화질보다 장면 이름인 경우가 많더라\n\n카드 제목만 보고 웃거나 상상하면 이미 반은 된 느낌,soft_cta,soft,no,no,,2026-06-25 11:23,draft,
T0188,내가 만든 결과물 중에서도\n유독 밤에만 예뻐 보이는 컷들이 있어\n그런 건 대개 무드가 먼저 와,image_recommended,none,no,yes,ulzzang-cam|idol-photocard|red-carpet-glam,2026-06-25 17:16,draft,
T0189,퍼스널컬러 결과 보다가\n내가 왜 특정 색에서 죽는지 조금 이해했어\n이런 사소한 깨달음이 의외로 재밌더라,conversation,none,no,no,,2026-06-25 21:32,draft,
T0190,무드 있는 장면이 좋은지\n장난스러운 장면이 좋은지\n이것만 봐도 취향 드러난다\n\nhttps://www.styledrop.cloud,direct_cta,direct,yes,yes,skydiving|idol-photocard|dreamy-wildflower,2026-06-26 10:54,draft,
T0191,점심시간에 친구랑 같이 해보기 좋은 이유\n결과 보고 바로 놀리거나 칭찬할 수 있음\n그게 은근 재밌음,soft_cta,soft,no,no,,2026-06-26 17:36,draft,
T0192,AI 사진에서 저장보다 공유가 먼저 일어나는 순간이 있음\n\n그건 결과가 예뻐서라기보다\n보여주고 싶은 장면이기 때문이더라,soft_cta,none,no,no,,2026-06-26 21:13,draft,
T0193,멋있는 장면이든 웃긴 장면이든\n내 얼굴이 들어가면 체감이 완전히 달라지더라\n\nhttps://www.styledrop.cloud,direct_cta,direct,yes,yes,red-carpet-glam|maid-cafe-heart|skydiving,2026-06-27 11:11,draft,
T0194,혼자 만든 서비스라고 말하면\n괜히 더 작게 보일까 걱정도 되는데\n그래도 써본 사람 반응이 그걸 덮어주더라,text_only,none,no,no,,2026-06-27 16:32,draft,
T0195,밤에 보는 퍼스널컬러 결과는\n내일 뭐 바를지 바로 생각하게 만들어\n그게 은근 실용적이더라,image_recommended,none,no,yes,red-carpet-glam|dreamy-wildflower|datecam-film,2026-06-27 21:36,draft,
T0196,오늘 좀 지쳤다 싶으면\n나를 다른 캐릭터로 바꿔보는 것만으로도\n생각보다 숨이 좀 트여 🌙\nhttps://www.styledrop.cloud/,direct_cta,direct,yes,no,,2026-06-28 10:48,draft,
T0197,혼자 사용하는 도구처럼 보이던 단계에서\n지금은 가볍게 공유하는 콘텐츠처럼 보이게 옮겨온 느낌임\n\n이 결이 꽤 다르다,before_after_recommended,soft,no,yes,rainy-crosswalk|red-carpet-glam|cinematic-horseback,2026-06-28 16:51,draft,
T0198,결과가 궁금하지 않은 카드는\n아무리 예뻐도 손이 잘 안 가더라\n\n그래서 제목만 보고도 상상하게 되는 쪽으로 짰음,soft_cta,none,no,no,,2026-06-28 22:02,draft,
T0199,보정앱처럼 소비되는 느낌보다\n가볍게 장면 고르는 서비스에 더 가깝게 바꿔봤음\n\nhttps://www.styledrop.cloud,before_after_recommended,direct,yes,yes,cinematic-horseback|bronze-statue-bench|club-flash,2026-06-29 11:44,draft,
T0200,내 얼굴이 어디서 제일 낯설고 재밌게 보일지\n그 궁금증 하나만으로도 충분하더라\n\n몇 개만 보면 감 올 거야\nhttps://www.styledrop.cloud,conversation,direct,yes,no,,2026-06-29 17:31,draft,
T0201,전엔 얼굴 변화가 핵심이었다면\n지금은 장면 변화가 훨씬 더 재미 포인트로 느껴짐\n\n이건 직접 만들면서 더 확신하게 됐음,before_after_recommended,none,no,yes,club-flash|rainy-crosswalk|red-carpet-glam,2026-06-29 21:58,draft,
T0202,잘 나온 결과보다\n보기 전 기대감이 더 큰 서비스가 의외로 드물더라\n\n이번엔 그 앞단 감정을 더 많이 신경 썼음,soft_cta,none,no,no,,2026-06-30 12:01,draft,
T0203,혼자 만드는 서비스의 밤은\n기대 반 민망함 반이야\n그래도 누가 재밌게 써주면 그걸로 충분함,conversation,none,no,no,,2026-06-30 18:24,draft,
T0204,혼자 만들고 있는 서비스에\n내 셀카 넣어보다가\n괜히 저장까지 해버렸어\n필터보다 카드 느낌이라 더 남더라,soft_cta,soft,no,no,,2026-06-30 22:11,draft,
T0205,무료로 열어둔 건데\n반응이 너무 궁금해서 자꾸 들여다보게 된다\n가볍게 구경만 해줘도 큰 도움 됨,soft_cta,soft,no,no,,2026-07-01 10:04,draft,
T0206,이 시간에 이런 거 보면 좀 위험해\n별 생각 없다가도\n나도 해볼까가 머릿속에 오래 남거든,text_only,none,no,no,,2026-07-01 16:53,draft,
T0207,내 얼굴을 AI 감독이 심사해주는 기능\n밤에 보면 괜히 더 몰입돼\n이 시간엔 뭐든 진심처럼 느껴지니까,image_recommended,none,no,yes,datecam-film|ulzzang-cam|idol-photocard,2026-07-01 21:07,draft,
T0208,카드 한 장이 세다는 건\n설명을 읽지 않아도 눌러보고 싶게 만든다는 뜻 같음\n\n이번엔 그런 카드 비중을 꽤 높였다,soft_cta,soft,no,no,,2026-07-02 10:56,draft,
T0209,내 사진을 넣고\n내가 먼저 웃은 서비스라면\n일단 재미는 있는 거 아닌가 싶다 😶\nhttps://www.styledrop.cloud/,direct_cta,direct,yes,yes,maid-cafe-heart|skydiving|idol-photocard,2026-07-02 18:13,draft,
T0210,서로 다른 장면에 같은 얼굴을 넣었을 때\n어디까지 분위기가 바뀌는지 보는 재미가 있음\n\n그 차이를 발견하는 순간이 꽤 좋다,conversation,none,no,no,,2026-07-02 21:58,draft,
T0211,혼자 노는 것도 좋아하지만\n재밌는 거 보면 바로 친구 하나 떠오르는 타입이면\n이런 서비스가 더 살아나게 느껴질 수 있음,image_recommended,none,no,yes,dreamy-wildflower|datecam-film|ulzzang-cam,2026-07-03 11:02,draft,
T0212,나는 결과 잘 나올 것 같은 카드보다\n어떻게 나올지 감이 안 오는 카드부터 눌러보는 편임\n\n이 타입 의외로 많을 것 같은데,conversation,soft,no,no,,2026-07-03 17:48,draft,
T0213,처음엔 얼굴이 얼마나 잘 바뀌는지에 집중했고\n지금은 분위기가 얼마나 확 바뀌는지에 더 집중함\n\n이 차이가 생각보다 큼,before_after_recommended,soft,no,yes,red-carpet-glam|cinematic-horseback|bronze-statue-bench,2026-07-03 21:54,draft,
T0214,서로 다른 카드 두 개를 보고\n어느 쪽이 내 얼굴이 더 잘 어울릴지 상상하는 재미가 있음\n\n이건 해보는 재미랑 또 다름,soft_cta,soft,no,no,,2026-07-04 12:28,draft,
T0215,보정앱처럼 쓰는 느낌보다\n가볍게 장면 체험하는 느낌에 더 가깝게 잡았음\n\n이 차이가 궁금하면 여기서 몇 개만 봐도 됨\nhttps://www.styledrop.cloud,direct_cta,direct,yes,no,,2026-07-04 18:04,draft,
T0216,AI 오디션은 진짜\n밤에 보면 더 진지하게 받아들이게 됨\n알면서도 좀 몰입하게 돼,text_only,none,no,no,,2026-07-04 21:37,draft,
T0217,오늘 하루 다 쓴 얼굴로 넣어도\n생각보다 괜찮게 나온다는 게\n의외로 위안이 됐어 🙂\nhttps://www.styledrop.cloud/,direct_cta,direct,yes,yes,dreamy-wildflower|red-carpet-glam|maid-cafe-heart,2026-07-05 11:28,draft,
T0218,사실 이 서비스의 핵심은\n변신 그 자체보다\n내가 나를 새로 보는 순간이라고 생각해,text_only,none,no,no,,2026-07-05 18:18,draft,
T0219,점심시간에 뭔가 새로 눌러보고 싶은데\n무거운 서비스는 싫고\n딱 그 사이에 놓고 싶었어,soft_cta,soft,no,no,,2026-07-05 21:12,draft,
T0220,점심시간에 무드 전환용으로\n이런 건 꽤 괜찮지 않나 싶다\n한 장 넣으면 금방 결과가 떠서,image_recommended,none,no,yes,red-carpet-glam|dreamy-wildflower|datecam-film,2026-07-06 11:56,draft,
T0221,멋있는 쪽 먼저 볼지\n장난스러운 쪽 먼저 볼지\n사람마다 갈리는 포인트가 재밌다\n\nhttps://www.styledrop.cloud,direct_cta,direct,yes,no,,2026-07-06 17:39,draft,
T0222,퍼컬 기능은 진짜 실용 쪽이고\n감성 카드는 재미 쪽인데\n이상하게 둘이 같이 있을 때 더 잘 맞아,image_recommended,none,no,yes,datecam-film|ulzzang-cam|idol-photocard,2026-07-06 21:09,draft,
T0223,퇴근길에 서비스 올린 사람 마음은 딱 하나야\n누가 재미있게 써주면 좋겠다\n그 이상도 이하도 아님\nhttps://www.styledrop.cloud/,conversation,direct,yes,no,,2026-07-07 11:04,draft,
T0224,혼자 만든 걸 이렇게 올려놓고\n밤마다 괜히 새로고침하는 마음\n아는 사람은 알 거야,text_only,none,no,no,,2026-07-07 17:29,draft,
T0225,혼자 일하면 이런 사소한 반응 하나가\n되게 큰 동력이 된다\n어 이거 괜찮네 한마디 같은 거,text_only,none,no,no,,2026-07-07 22:02,draft,
T0226,평소 선택할 때도\n무난한 것보다 캐릭터 있는 걸 고르는 편이면\n이런 서비스가 꽤 잘 맞을 수 있음,image_recommended,none,no,yes,dreamy-wildflower|datecam-film|ulzzang-cam,2026-07-08 10:49,draft,
T0227,혼자 만든 서비스인데\n밤에 보면 조금 덜 서비스 같고\n조금 더 개인 작업물처럼 느껴질 때가 있어,text_only,none,no,no,,2026-07-08 17:17,draft,
T0228,AI 프로필은 그냥 덤처럼 넣었는데\n의외로 퇴근 후 반응이 제일 좋더라\n다들 프사 바꾸고 싶은 시간인가 봐,image_recommended,none,no,yes,ulzzang-cam|idol-photocard|red-carpet-glam,2026-07-08 20:54,draft,
T0229,처음부터 너무 많은 걸 설명하면\n사람이 아니라 기능만 남는 느낌이 있음\n\n이번엔 그냥 보면서 감 잡는 쪽이 더 맞다고 봤음,soft_cta,soft,no,no,,2026-07-09 12:03,draft,
T0230,이 시간엔 친구한테\n야 나 이거 해봤는데 너도 해봐\n보내기 딱 좋음 😶\nhttps://www.styledrop.cloud/,direct_cta,direct,yes,no,,2026-07-09 17:42,draft,
T0231,혼자 만드는 사람 특징인지\n사람들 반응 상상하다가\n괜히 더 늦게까지 손보게 된다,text_only,none,no,no,,2026-07-09 20:42,draft,
T0232,무료로 열어둔 거라\n한 번 해보고 아니면 말아도 돼\n근데 생각보다 한 번으로 안 끝날 수도 있음 👀\nhttps://www.styledrop.cloud/,direct_cta,direct,yes,no,,2026-07-10 10:49,draft,
T0233,하루를 정리하는 방법이 꼭 거창할 필요는 없더라\n내 얼굴이 다른 무드로 바뀌는 걸 보는 것만으로도\n은근 마음이 움직여,before_after_recommended,none,no,yes,red-carpet-glam|cinematic-horseback|bronze-statue-bench,2026-07-10 17:28,draft,
T0234,내 사진으로 낯선 장면 보는 걸 좋아하는 사람은\n이런 서비스에서 금방 취향 카드 찾을 가능성이 큼\n\n본인도 이런 타입이면 저장해둘 만함,soft_cta,soft,no,no,,2026-07-10 21:16,draft,
T0235,사진 찍는 건 귀찮은데\n재밌는 결과 구경하는 건 좋아하는 사람\n\n이 조합이면 이런 서비스가 은근 잘 맞더라,image_recommended,none,no,yes,red-carpet-glam|dreamy-wildflower|datecam-film,2026-07-11 11:17,draft,
T0236,사람들이 금방 질리는 건\n결과를 너무 빨리 예측할 수 있어서일 수도 있음\n\n그래서 예측 여지를 남기는 카드들을 넣어봤다,soft_cta,none,no,no,,2026-07-11 16:33,draft,
T0237,혼자 개발하고 디자인하면\n작은 디테일 하나에도 집착하게 되더라\n결과물 톤도 꽤 오래 손봤어,image_recommended,none,no,yes,datecam-film|ulzzang-cam|idol-photocard,2026-07-11 21:38,draft,
T0238,나도 원래 밤엔 뭐 잘 안 시작하는데\n이건 한 장만 올려보자 했다가\n은근 길어졌어,text_only,none,no,no,,2026-07-12 10:32,draft,
T0239,직접 만든 서비스에 직접 내 사진 넣어보는 일\n생각보다 민망하고\n생각보다 더 재밌다,image_recommended,none,no,yes,idol-photocard|red-carpet-glam|dreamy-wildflower,2026-07-12 16:41,draft,
T0240,서비스가 재밌다고 느껴지는 순간은\n결과를 보기 전인데 이미 머릿속이 바쁠 때더라\n\n카드 이름의 힘이 생각보다 큼,soft_cta,soft,no,no,,2026-07-12 20:36,draft,
T0241,밤은 늘 과장된 시간인데\n그래서인지 이런 결과도 낮보다 더 멋있어 보여 👀\nhttps://www.styledrop.cloud/,direct_cta,direct,yes,yes,idol-photocard|dreamy-wildflower|red-carpet-glam,2026-07-13 12:21,draft,
T0242,한 장 올리면 끝나는 타입이라\n귀찮은 거 싫어하는 사람도 괜찮을 듯\n나도 귀찮은 거 싫어서 그렇게 만들었음,text_only,none,no,no,,2026-07-13 17:44,draft,
T0243,필터형 서비스가 금방 비슷해지는 이유는\n결국 보는 장면이 비슷해서인 것 같았음\n\n그래서 아예 장면 자체를 바꾸는 쪽으로 방향을 틀었다,text_only,none,no,no,,2026-07-13 21:59,draft,
T0244,이 시간에 서비스 올린 사람의 마음은 단순해\n누가 잠들기 전에 한 번쯤 눌러줬으면 좋겠다\n그 정도\nhttps://www.styledrop.cloud/,conversation,direct,yes,no,,2026-07-14 10:32,draft,
T0245,점심시간마다 괜히\n뭔가 새 거 눌러보고 싶을 때 있잖아\n이건 그 용도로 꽤 괜찮을지도,soft_cta,soft,no,no,,2026-07-14 16:56,draft,
T0246,퇴근길 버스 창문에 비친 얼굴 보다가\n문득 더 재밌는 버전의 나를 보고 싶어서 만든 서비스야\n그 시작이 좀 단순했어,image_recommended,none,no,yes,dreamy-wildflower|datecam-film|ulzzang-cam,2026-07-14 22:21,draft,
T0247,내가 보는 나랑\n남이 느끼는 분위기가 다를 때 있잖아\n그 궁금증 때문에 만든 기능도 있음 👀\nhttps://www.styledrop.cloud/,direct_cta,direct,yes,no,,2026-07-15 10:03,draft,
T0248,프로필 사진도\n평범한 컷보다 분위기 있는 컷을 고르는 사람이면\n이런 카드형 서비스에 꽤 잘 맞을 가능성이 큼,image_recommended,none,no,yes,ulzzang-cam|idol-photocard|red-carpet-glam,2026-07-15 17:42,draft,
T0249,혼자 만든 서비스가\n누군가의 잠들기 전 3분을 차지한다는 거\n생각보다 되게 큰 일처럼 느껴진다,text_only,none,no,no,,2026-07-15 21:31,draft,
T0250,지금 이 시간에 조용히 해보기 좋은 이유\n결과 뜨고 나면 바로 말 안 해도\n혼자 한 번 더 보게 되거든 👀\nhttps://www.styledrop.cloud/,direct_cta,direct,yes,yes,skydiving|idol-photocard|dreamy-wildflower,2026-07-16 11:52,draft,
T0251,서비스를 다 쓰고 나서 기억나는 건\n결과 자체보다 누구 반응이었는지도 크더라\n\n그래서 공유 흐름을 꽤 중요하게 봤음,conversation,none,no,no,,2026-07-16 17:57,draft,
T0252,지금 이 시간에 보면\n한 번쯤 해봐야 할 것 같은 기분이 슬쩍 올라와\n딱 그 정도의 FOMO는 있는 편 🌙\nhttps://www.styledrop.cloud/,direct_cta,direct,yes,no,,2026-07-16 20:53,draft,
T0253,프사 하나 바꿨을 뿐인데\n사람 분위기가 달라 보이는 걸 너무 많이 봐서\n결국 직접 만들게 됐어,image_recommended,none,no,yes,ulzzang-cam|idol-photocard|red-carpet-glam,2026-07-17 10:13,draft,
T0254,카드 선택하는 순간 이미 재미가 시작되면\n완성컷 체감도도 같이 올라가더라\n\n이 포인트 좋아하는 사람 은근 많을 듯,soft_cta,soft,no,no,,2026-07-17 17:34,draft,
T0255,오늘 하루 그냥 지나간 것 같았는데\n결과물 한 장 건지고 나니까\n갑자기 오늘이 조금 특별해진 느낌이었어 🙂\nhttps://www.styledrop.cloud/,direct_cta,direct,yes,yes,skydiving|idol-photocard|dreamy-wildflower,2026-07-17 21:31,draft,
T0256,“야 이건 너다”\n이 말이 자연스럽게 나오는 카드가 생각보다 중요했음\n\n설명보다 반응이 먼저 나오니까,soft_cta,none,no,no,,2026-07-18 10:29,draft,
T0257,가볍게 스크롤하다가도\n내 취향 카드 하나 보이면 바로 멈추는 사람 있지\n\n그런 반응을 잘 하는 타입이면 재밌을 가능성이 높음,image_recommended,none,no,yes,datecam-film|ulzzang-cam|idol-photocard,2026-07-18 16:46,draft,
T0258,혼자 만든 거라 부끄럽기도 한데\n그래도 이런 건 직접 말해야 사람들이 알더라\n퇴근길에 한 번만 봐줘도 좋겠어,soft_cta,soft,no,no,,2026-07-18 21:21,draft,
T0259,뻔한 필터 하나 더 추가하는 식으로 가면\n결국 금방 닫히겠다는 생각이 들었음\n\n그래서 장면마다 아예 성격을 다르게 잡아봤다,text_only,none,no,no,,2026-07-19 10:18,draft,
T0260,멋있는 카드부터 고르는 편인지\n결과가 더 안 그려지는 카드부터 고르는 편인지\n\n나는 이상하게 후자가 더 손이 감,soft_cta,soft,no,no,,2026-07-19 16:43,draft,
T0261,퇴근길엔 자꾸\n내가 보는 나랑 남이 보는 내가 얼마나 다른지 궁금해져\n그래서 그 기능도 결국 넣었어,text_only,none,no,no,,2026-07-19 20:49,draft,
T0262,퇴근길에 퍼스널컬러 결과 보면\n내가 왜 자꾸 같은 색만 고르는지\n조금은 이해하게 돼,conversation,none,no,no,,2026-07-20 10:38,draft,
T0263,“AI 사진 또 하나 나왔네”로 끝나면\n아무리 잘 만들어도 오래 못 간다고 봤음\n\n그래서 첫 인상을 다르게 주는 데 시간을 많이 썼다,text_only,none,no,no,,2026-07-20 17:47,draft,
T0264,점심시간에 과하게 진지한 건 부담인데\n이건 딱 덜 부담스럽게 궁금해지는 정도로 만들었어,text_only,none,no,no,,2026-07-20 21:01,draft,
T0265,혼자 만들면서 제일 오래 붙잡았던 건\n결과가 너무 인위적으로 안 보이게 하는 거였어\n밤에 봐도 덜 튀게,image_recommended,none,no,yes,red-carpet-glam|dreamy-wildflower|datecam-film,2026-07-21 12:22,draft,
T0266,무난하게 잘 나온 사진은 금방 지나가는데\n캐릭터 있는 장면은 은근 오래 남음\n\n그래서 이번엔 기억나는 쪽으로 조금 더 기울였다,text_only,none,no,no,,2026-07-21 18:16,draft,
T0267,내가 보는 너는\n질문하기 민망한 걸 조금 덜 민망하게 만든 기능이야\n친구 사이에서 특히 재밌더라,text_only,none,no,no,,2026-07-21 21:47,draft,
T0268,상상부터 시작되는 AI 사진이 은근 드묾\n\n이번엔 그 앞단 감정을 꽤 많이 넣어봤음\n궁금하면 https://www.styledrop.cloud,direct_cta,direct,yes,yes,red-carpet-glam|maid-cafe-heart|skydiving,2026-07-22 12:32,draft,
T0269,멋진 카드가 끌릴 때도 있지만\n결과가 더 안 그려지는 카드가 이상하게 더 세더라\n\n의외성이 있는 쪽이 오래 감,soft_cta,none,no,no,,2026-07-22 17:27,draft,
T0270,이 시간엔 작은 FOMO가 제일 무섭다\n나도 하나쯤은 있어야 할 것 같은 기분\n그걸 정확히 건드리는 결과가 뜸 😶\nhttps://www.styledrop.cloud/,direct_cta,direct,yes,yes,skydiving|idol-photocard|dreamy-wildflower,2026-07-22 22:09,draft,
T0271,친구랑 같이 넣어보는 카드들은\n생각보다 결과보다 반응 보는 재미가 더 큼\n\n같이 웃으면 체감이 확 달라짐,soft_cta,soft,no,no,,2026-07-23 12:13,draft,
T0272,프로필용으로 볼지\n친구 공유용으로 볼지\n그 시선 따라 체감이 꽤 달라질 거야\n\nhttps://www.styledrop.cloud,before_after_recommended,direct,yes,yes,rainy-crosswalk|red-carpet-glam|cinematic-horseback,2026-07-23 18:07,draft,
T0273,장면 이름만 보고\n벌써 친구 한 명 떠오르는 카드가 있더라\n\n이런 건 보기 전에 이미 반응이 시작된 느낌임,soft_cta,none,no,no,,2026-07-23 21:27,draft,
T0274,요즘은 예쁜 사진보다\n재밌는 장면이 더 오래 남는다고 느낀다\n\n비슷한 취향이면 이쪽이 맞을 수 있음\nhttps://www.styledrop.cloud,direct_cta,direct,yes,yes,maid-cafe-heart|skydiving|idol-photocard,2026-07-24 11:53,draft,
T0275,누가 먼저 링크 보내기 전에\n내가 먼저 보내고 싶은 서비스가 의외로 별로 없음\n\n이번엔 그런 쪽 반응이 나오면 좋겠다 싶어서 만들었음,conversation,soft,no,no,,2026-07-24 17:46,draft,
T0276,무난하게 잘 나오는 쪽이 좋은지\n의외성 있는 쪽이 더 좋은지\n\n요즘은 진짜 후자 선호가 커진 것 같음,before_after_recommended,soft,no,yes,club-flash|rainy-crosswalk|red-carpet-glam,2026-07-24 21:24,draft,
T0277,낮에는 지나쳤던 컷이\n밤엔 갑자기 제일 마음에 들 때가 있어\n분위기가 시간을 타나 봄,text_only,none,no,no,,2026-07-25 11:18,draft,
T0278,재밌는 서비스는\n혼자 보기 아까운 순간이 꼭 생기더라\n\nStyleDrop도 그 감각을 놓치지 않으려고 했다,soft_cta,soft,no,no,,2026-07-25 17:23,draft,
T0279,혼자 감탄하는 결과보다\n누군가 떠오르는 결과가 더 강하더라\n\n그래서 보는 순간 친구 생각나는 카드들을 꽤 의식했다,soft_cta,soft,no,no,,2026-07-25 20:57,draft,
T0280,퍼컬이든 프로필이든 카드든\n결국 다 내 얼굴로 노는 건데\n그게 생각보다 덜 가볍고 더 재밌어,image_recommended,none,no,yes,red-carpet-glam|dreamy-wildflower|datecam-film,2026-07-26 11:07,draft,
T0281,퍼스널컬러 진단 미루는 사람이라\n아예 사진으로 먼저 보게 붙여봤어\n이런 건 점심시간 3분 체험용으로 딱이더라,soft_cta,soft,no,no,,2026-07-26 17:31,draft,
T0282,엄청 대단한 걸 하자는 건 아니고\n그냥 내 얼굴이 다른 무드로 바뀌는 걸 보는 재미\n그걸 꽤 신경 써서 만들었어,before_after_recommended,none,no,yes,rainy-crosswalk|red-carpet-glam|cinematic-horseback,2026-07-26 20:52,draft,
T0283,AI 오디션류 콘텐츠를 붙인 이유도\n혼자 보기에 끝나지 않게 하려는 게 컸음\n\n결과 리포트가 있으면 확실히 얘기가 생김,soft_cta,soft,no,no,,2026-07-27 12:21,draft,
T0284,뻔한 건 싫은데\n너무 낯선 것도 부담스러운 사람 있잖아\n\n익숙한 내 얼굴로 살짝 다른 장면 보는 게 딱 맞을 수 있음,image_recommended,none,no,yes,idol-photocard|red-carpet-glam|dreamy-wildflower,2026-07-27 16:49,draft,
T0285,결과를 보기 전에 설레는 서비스와\n보고 나서만 반응하는 서비스는 꽤 다르더라\n\n이번엔 전자에 더 가깝게 만들고 싶었음,text_only,none,no,no,,2026-07-27 21:22,draft,
T0286,AI 사진 서비스가 너무 결과 중심으로만 느껴졌다면\n이번엔 장면 고르는 과정부터 한 번 봐도 됨\n\nhttps://www.styledrop.cloud,direct_cta,direct,yes,yes,idol-photocard|dreamy-wildflower|red-carpet-glam,2026-07-28 12:32,draft,
T0287,결과를 다 보여주기 전에\n질문을 먼저 던지는 카드가 훨씬 강했음\n\n“내가 여기 있으면?”\n이 구조가 잘 먹히더라,conversation,none,no,no,,2026-07-28 17:44,draft,
T0288,혼자 만들었지만\n이건 혼자만 보기엔 아까운 결과들이 종종 뜸\n그래서 친구 생각나게 만들고 싶었어,image_recommended,none,no,yes,ulzzang-cam|idol-photocard|red-carpet-glam,2026-07-28 20:34,draft,
T0289,다들 요즘 AI 서비스에서\n무거운 기능보다 가벼운 재미를 더 찾는 편인지 궁금함\n\n나는 확실히 그쪽으로 체감이 옮겨갔다,soft_cta,soft,no,no,,2026-07-29 10:59,draft,
T0290,반응 오기 쉬운 결과를 좋아한다면\n이건 친구랑 같이 볼 때 더 재밌을 수 있음\n\nhttps://www.styledrop.cloud,direct_cta,direct,yes,yes,skydiving|idol-photocard|dreamy-wildflower,2026-07-29 17:43,draft,
T0291,만들기 전엔\n결과 저장이 중요할 줄 알았고\n\n만든 뒤엔\n첫 클릭이 훨씬 중요하다는 걸 알게 됐음,text_only,none,no,no,,2026-07-29 21:06,draft,
T0292,내 얼굴 보고\nAI가 분위기를 꽤 그럴싸하게 잡아내는 순간이 있음\n그게 좀 신기해 ✨\nhttps://www.styledrop.cloud/,direct_cta,direct,yes,yes,dreamy-wildflower|red-carpet-glam|maid-cafe-heart,2026-07-30 11:56,draft,
T0293,전:\n무난하게 예쁜 결과\n\n후:\n누가 봐도 한마디 나오게 만드는 결과\n\n나는 요즘 후자가 더 좋더라,conversation,none,no,no,,2026-07-30 16:48,draft,
T0294,기술 데모처럼 보이는 AI보다\n가볍게 손 가는 AI가 더 오래 남더라\n\n그 방향으로 만든 결과가 여기 있음\nhttps://www.styledrop.cloud,before_after_recommended,direct,yes,yes,cinematic-horseback|bronze-statue-bench|club-flash,2026-07-30 21:57,draft,
T0295,몽골 전사 버전은 밤에 보면 더 좋더라\n낮엔 웃겼는데\n밤엔 그냥 멋있어 보였어,text_only,none,no,no,,2026-07-31 10:59,draft,
T0296,이상하게 내 사진은 늘 비슷한데\n스타일만 바뀌면 갑자기 새로워 보여\n그 차이가 재밌어서 만들었어,before_after_recommended,soft,no,yes,club-flash|rainy-crosswalk|red-carpet-glam,2026-07-31 17:37,draft,
T0297,친구한테 보내기 좋은 결과는\n완벽한 컷보다 한마디 붙이기 쉬운 컷이더라\n\n반응하기 편한 결과가 확실히 셈,soft_cta,none,no,no,,2026-07-31 22:11,draft,
T0298,무난한 결과는 안전하지만\n기억에는 잘 안 남는 경우가 많더라\n\n그래서 이번엔 살짝 더 캐릭터 있는 쪽으로 갔음\n공감되면 저장해놔도 괜찮음,soft_cta,soft,no,no,,2026-08-01 11:48,draft,
T0299,회사 끝나고 집 가는 길에\n거울보다가 문득 든 생각\n나를 다른 시선으로 보는 건 의외로 위로가 되네,text_only,none,no,no,,2026-08-01 16:59,draft,
T0300,결과물 퀄도 보지만\n결국 취향 맞는지부터 따지는 사람이라면\n카드 구성이 훨씬 중요하게 느껴질 수 있음,soft_cta,soft,no,no,,2026-08-01 21:39,draft,
T0301,내가 만든 서비스라 더 그런지\n결과 뜨는 순간마다 아직도 약간 긴장됨\n반응이 너무 궁금해서,image_recommended,none,no,yes,dreamy-wildflower|datecam-film|ulzzang-cam,2026-08-02 10:57,draft,
T0302,이상하게도\n살짝 웃긴 결과는 저장은 안 해도 기억은 더 오래 남음\n\n이 포인트 공감하는 사람 은근 많을 것 같다,soft_cta,soft,no,no,,2026-08-02 17:08,draft,
T0303,나도 원래 이런 거 후딱 보고 넘기는데\n밤에 뜬 결과는 이상하게 몇 번 더 보게 되더라\n그게 좀 묘했어,image_recommended,none,no,yes,ulzzang-cam|idol-photocard|red-carpet-glam,2026-08-02 22:26,draft,
T0304,내가 만드는 서비스는\n항상 너무 기능적으로만 가는 것 같아서\n이번엔 좀 놀 수 있게 만들어봤어,text_only,none,no,no,,2026-08-03 11:08,draft,
T0305,사진 하나로 끝나게 해둔 건\n복잡하면 나부터 안 하니까\n진짜 최대한 가볍게 만들었어,soft_cta,soft,no,no,,2026-08-03 17:06,draft,
T0306,설명 길게 붙는 순간 재미가 줄어서\n카드부터 보고 감 오게 만드는 쪽으로 정리했음\n\nhttps://www.styledrop.cloud,direct_cta,direct,yes,yes,idol-photocard|dreamy-wildflower|red-carpet-glam,2026-08-03 20:39,draft,
T0307,혼자 보다가도\n딱 한 명 떠오르면 그 결과는 성공한 거더라\n\n이번엔 그런 장면들을 많이 넣고 싶었음,soft_cta,none,no,no,,2026-08-04 10:42,draft,
T0308,서부 총잡이든 우주비행사든\n밤에 보면 장난보다 무드가 먼저 들어와\n그 차이가 재밌더라,image_recommended,none,no,yes,ulzzang-cam|idol-photocard|red-carpet-glam,2026-08-04 17:48,draft,
T0309,점심에 잠깐 들어왔다가\n생각보다 오래 보게 되면\n그건 내가 의도한 거 맞음 😶\nhttps://www.styledrop.cloud/,direct_cta,direct,yes,no,,2026-08-04 21:46,draft,
T0310,AI 서비스에서 기술보다 재미를 먼저 찾는 사람들 있잖아\n\n그런 사람들에겐 결과보다 카드 선택이 더 큰 포인트가 될 수도 있음,image_recommended,none,no,yes,red-carpet-glam|dreamy-wildflower|datecam-film,2026-08-05 11:13,draft,
T0311,AI 사진 서비스가 빨리 닫히는 이유 중 하나는\n다음 행동이 안 생겨서인 것 같음\n\n그래서 다른 카드까지 이어지는 흐름을 계속 보게 됐음,soft_cta,soft,no,no,,2026-08-05 18:22,draft,
T0312,내가 직접 디자인한 화면 위에\n내 얼굴 결과물이 뜨는 거 보니까\n묘하게 기분 이상하더라,image_recommended,none,no,yes,datecam-film|ulzzang-cam|idol-photocard,2026-08-05 21:29,draft,
T0313,기능 설명 길어지는 순간\n재미가 확 떨어지는 타입의 서비스가 있잖아\n\n이건 설명보다 바로 체감되는 쪽이 낫겠다 싶었음,text_only,none,no,no,,2026-08-06 11:17,draft,
T0314,퇴근길엔 이상하게\n오늘 내가 어떤 얼굴로 하루를 살았는지 돌아보게 되더라\n그래서 이런 서비스까지 만들게 됐어,image_recommended,none,no,yes,idol-photocard|red-carpet-glam|dreamy-wildflower,2026-08-06 18:13,draft,
T0315,예전엔 잘 나온 한 장이 목표였고\n지금은 다음 카드로 넘어가게 만드는 게 목표임\n\n작아 보여도 체감 차이는 꽤 큼,text_only,none,no,no,,2026-08-06 21:04,draft,
T0316,결과보다 취향 카드 찾는 재미가 큰 사람이라면\n여기서 금방 자기 스타일 고를 수 있을 듯\n\nhttps://www.styledrop.cloud,direct_cta,direct,yes,yes,idol-photocard|dreamy-wildflower|red-carpet-glam,2026-08-07 12:08,draft,
T0317,라면머리처럼 살짝 웃긴 장면은\n이상하게 더 한번 눌러보게 됨\n\n결과가 예측 안 되는 맛이 있으니까,soft_cta,none,no,no,,2026-08-07 18:36,draft,
T0318,서부 총잡이 결과 보고\n괜히 내 안에 저런 표정이 있었나 싶더라\n이런 발견이 재밌음,image_recommended,none,no,yes,ulzzang-cam|idol-photocard|red-carpet-glam,2026-08-07 21:26,draft,
T0319,결과물이 예쁘냐보다\n보기 전에 궁금하냐가 더 먼저인 순간이 있더라\n\n이번엔 그 지점을 더 세게 가져갔다,soft_cta,none,no,no,,2026-08-08 12:33,draft,
T0320,요즘 다들 무드 있는 프사 하나쯤은 있잖아\n밤에 그걸 보면 유독 더 부러워져\n그래서 직접 만들어봤어,image_recommended,none,no,yes,red-carpet-glam|dreamy-wildflower|datecam-film,2026-08-08 17:52,draft,
T0321,지금 필요한 게 거창한 툴이 아니라\n짧게 재밌는 거라면 이쪽이 더 맞을 수도 있음\n\nhttps://www.styledrop.cloud,direct_cta,direct,yes,no,,2026-08-08 21:47,draft,
T0322,혼자 만든 화면 위로\n누군가의 얼굴이 다른 무드로 떠오를 때\n그 장면을 상상하면 아직도 조금 떨림,image_recommended,none,no,yes,datecam-film|ulzzang-cam|idol-photocard,2026-08-09 11:04,draft,
T0323,AI 결과 볼 때\n자연스러움이 중요한지 재미가 중요한지\n정말 사람마다 다르더라\n\n나는 둘 중 하나 고르라면 요즘은 재미 쪽,soft_cta,soft,no,no,,2026-08-09 16:36,draft,
T0324,사진 결과를 저장하는 것보다\n친구한테 보여주는 걸 더 좋아하는 사람이라면\n반응형 카드에 더 끌릴 수 있음,image_recommended,none,no,yes,idol-photocard|red-carpet-glam|dreamy-wildflower,2026-08-09 20:41,draft,
T0325,그냥 예쁘게 바꾸는 거 말고\n내가 몰랐던 내 인상 보여주는 쪽이 더 재밌더라\n그래서 그쪽으로 방향을 잡았어,soft_cta,soft,no,no,,2026-08-10 10:58,draft,
T0326,낮에 볼 때랑 다르게\n퇴근 후엔 결과가 훨씬 감성적으로 느껴져\n그래서 이 시간대 반응이 제일 궁금함,image_recommended,none,no,yes,dreamy-wildflower|datecam-film|ulzzang-cam,2026-08-10 17:38,draft,
T0327,다들 AI 사진 서비스에서\n가장 오래 기억나는 순간이 뭔지 궁금함\n\n나는 결과보다 고르던 순간이 기억에 더 남더라,soft_cta,soft,no,no,,2026-08-10 21:43,draft,
T0328,오늘 하루 별로였어도\n결과물 한 장이 마음에 들면\n괜히 하루 전체가 덜 별로였던 것처럼 느껴짐 🙂\nhttps://www.styledrop.cloud/,direct_cta,direct,yes,yes,red-carpet-glam|maid-cafe-heart|skydiving,2026-08-11 10:44,draft,
T0329,생각보다 사람들은\n“완성도 높네”보다 “재밌네”에 더 빨리 반응하더라\n\n이 차이를 알고 나니까 만드는 기준도 꽤 달라졌음,soft_cta,soft,no,no,,2026-08-11 18:23,draft,
T0330,프로필 저장용 컷이 더 좋은지\n단톡 반응용 컷이 더 좋은지\n\n둘 다 원하는 사람 많을 것 같은데 나는 후자도 꽤 크게 봄,before_after_recommended,soft,no,yes,bronze-statue-bench|club-flash|rainy-crosswalk,2026-08-11 22:27,draft,
T0331,방금 밥 먹고 멍때리다가\n내가 만든 기능 다시 돌려봤는데\n몽골 전사 버전이 제일 웃기게 잘 나왔음\n이런 건 친구한테 바로 보여주게 돼,soft_cta,soft,no,no,,2026-08-12 11:11,draft,
T0332,지금 프사 바꿀까 말까 고민 중이면\n한 번쯤 이런 식으로 뽑아보는 것도 괜찮아 ✨\nhttps://www.styledrop.cloud/,direct_cta,direct,yes,yes,dreamy-wildflower|red-carpet-glam|maid-cafe-heart,2026-08-12 17:16,draft,
T0333,친구랑 같이 해보는 서비스는\n결과물 자체보다 대화가 생기느냐가 더 중요하더라\n\n나는 그쪽을 꽤 크게 봤다,soft_cta,soft,no,no,,2026-08-12 21:44,draft,
T0334,오늘 내 얼굴이 별로라고 느껴져도\n결과물 속에선 생각보다 멋있을 수 있음\n그걸 보면 괜히 덜 가라앉아 😶\nhttps://www.styledrop.cloud/,direct_cta,direct,yes,yes,maid-cafe-heart|skydiving|idol-photocard,2026-08-13 11:51,draft,
T0335,혼자 볼 땐 몰랐는데\n누가 옆에서 같이 보면 갑자기 더 재밌어지는 결과들이 있더라\n\n그래서 공유성도 꽤 크게 봤다,conversation,soft,no,no,,2026-08-13 16:53,draft,
T0336,사진 한 장으로\n나를 조금 다르게 보게 되는 순간이 있음\n그 재미로 계속 손보는 중 ✨\nhttps://www.styledrop.cloud/,direct_cta,direct,yes,yes,idol-photocard|dreamy-wildflower|red-carpet-glam,2026-08-13 21:14,draft,
T0337,혼자 보기 좋게만 만들면\n생각보다 금방 끝나는 경우가 많았음\n\n누가 한 명 떠오르는 순간부터 훨씬 오래 가더라,conversation,none,no,no,,2026-08-14 11:44,draft,
T0338,밈도 좋아하지만\n프로필 느낌 나는 결과도 챙기고 싶은 사람\n\n의외로 이런 중간 취향이 가장 오래 머무르더라,image_recommended,none,no,yes,ulzzang-cam|idol-photocard|red-carpet-glam,2026-08-14 17:52,draft,
T0339,사람들이 좋아하는 건\n언제나 고퀄 결과물일 줄 알았는데\n\n의외로 “이거 좀 궁금한데”가 훨씬 강하게 먹히더라,conversation,none,no,no,,2026-08-14 20:43,draft,
T0340,사진 보정앱 느낌보다는\n내 얼굴로 장면 체험하는 쪽에 더 가까움\n\n그 결 좋아하면 https://www.styledrop.cloud,direct_cta,direct,yes,yes,skydiving|idol-photocard|dreamy-wildflower,2026-08-15 10:41,draft,
T0341,막 엄청 진지한 건 아닌데\n그래서 더 눌러보게 되는 기능들 있잖아\n이건 좀 그런 쪽으로 만들어봤어,soft_cta,soft,no,no,,2026-08-15 17:54,draft,
T0342,앱을 오래 쓰는 기준이\n완성도보다 취향 맞음에 가까운 사람들 있지\n\n그런 타입이면 장면 고르는 재미를 크게 느낄 듯,image_recommended,none,no,yes,datecam-film|ulzzang-cam|idol-photocard,2026-08-15 21:22,draft,
T0343,퇴근길은 묘하게 공유 욕구가 생겨\n친구 한 명 떠오르면 그걸로 된 것 같아\n이거 네가 하면 재밌겠다 싶은 서비스,soft_cta,soft,no,no,,2026-08-16 12:06,draft,
T0344,한 번쯤은\n내 얼굴이 저 장면 안에 있으면 어떨지 궁금해질 거임\n\n그럴 때 보기 좋은 쪽\nhttps://www.styledrop.cloud,direct_cta,direct,yes,yes,maid-cafe-heart|skydiving|idol-photocard,2026-08-16 17:43,draft,
T0345,사진 보정 서비스 같아 보여도\n실제로는 내 분위기를 해석하는 재미가 더 커\n그래서 더 오래 남는 듯,soft_cta,soft,no,no,,2026-08-16 21:54,draft,
T0346,예전엔 결과 저장이 끝이었는데\n이제는 다른 카드까지 보게 되면 성공이라고 느낌\n\n사용 흐름이 완전히 달라졌음,before_after_recommended,none,no,yes,club-flash|rainy-crosswalk|red-carpet-glam,2026-08-17 11:42,draft,
T0347,퇴근하고 나면 이상하게\n재미보다 감정이 먼저 들어오잖아\n그래서 이 시간대 글은 조금 다르게 쓰게 된다\nhttps://www.styledrop.cloud/,direct_cta,direct,yes,no,,2026-08-17 16:39,draft,
T0348,잠들기 전에 별생각 없이 보다가\n갑자기 내 셀카첩 정리하게 되는 서비스\n이런 건 좀 위험하지,text_only,none,no,no,,2026-08-17 21:28,draft,
T0349,밤에는 왜 이렇게\n다들 나보다 앞서 있는 것처럼 느껴질까\n그럴 때 나도 하나 만들어두면 좀 덜 그렇더라,conversation,none,no,no,,2026-08-18 10:22,draft,
T0350,퍼컬 결과 보고 있다가\n갑자기 내일 입을 옷까지 고민하게 되는 사람\n나만 그런 거 아니겠지,image_recommended,none,no,yes,red-carpet-glam|dreamy-wildflower|datecam-film,2026-08-18 17:34,draft,
T0351,좋은 기능이 있어도\n첫 반응이 밋밋하면 체감이 약하더라\n\n이번엔 보는 순간 감이 오게 하려고 꽤 많이 덜어냈음,soft_cta,soft,no,no,,2026-08-18 21:11,draft,
T0352,무거운 작업툴보다\n짧게 들어와서 놀 수 있는 서비스를 더 좋아하는 사람이라면\nStyleDrop 같은 결이 잘 맞을 수도 있음,image_recommended,none,no,yes,datecam-film|ulzzang-cam|idol-photocard,2026-08-19 10:29,draft,
T0353,광고처럼 세게 말하긴 싫고\n그냥 생각보다 오래 보게 된다는 말은 할 수 있겠다\n\n심심할 때 보면 감 올 거야\nhttps://www.styledrop.cloud,direct_cta,direct,yes,no,,2026-08-19 18:13,draft,
T0354,프로필 감성도 챙기고 싶고\n가볍게 웃긴 것도 좋아하는 사람은\n의외로 취향 범위가 넓어서 더 재밌게 놀더라,image_recommended,none,no,yes,idol-photocard|red-carpet-glam|dreamy-wildflower,2026-08-19 21:54,draft,
T0355,오늘도 에너지 다 쓰고 나니까\n괜히 나한테 조금 더 신경 쓰고 싶어지더라\n이럴 때 보면 좋은 쪽으로 만들었어,text_only,none,no,no,,2026-08-20 12:18,draft,
T0356,친구한테 먼저 보낼 카드가\n멋있는 쪽인지 웃긴 쪽인지 골라보는 재미가 있음\n\n같이 보기 좋은 장면들은 여기\nhttps://www.styledrop.cloud,direct_cta,direct,yes,yes,idol-photocard|dreamy-wildflower|red-carpet-glam,2026-08-20 18:28,draft,
T0357,카드 이름만 봤는데\n이미 결과가 궁금해지는 순간이 있음\n\n그때 사람 손이 제일 빠르게 움직이더라,soft_cta,none,no,no,,2026-08-20 21:22,draft,
T0358,프로필 바꾸는 데 진심인 사람과\n친구 보내는 데 진심인 사람\n둘 중 어느 쪽에 더 가까운지 스스로 보면 재밌다,soft_cta,soft,no,no,,2026-08-21 10:13,draft,
T0359,결과를 보는 서비스에서\n고르는 서비스로 이동한 느낌이 있음\n\n작은 변화인데 몰입도는 꽤 커졌다,before_after_recommended,none,no,yes,cinematic-horseback|bronze-statue-bench|club-flash,2026-08-21 17:18,draft,
T0360,친구 보여줬을 때\n설명 없이 바로 반응 오는 결과가 있더라\n\n이번엔 그쪽 감도를 더 챙겨봤음\n저장해뒀다가 나중에 다시 봐도 괜찮을 듯,soft_cta,soft,no,no,,2026-08-21 21:36,draft,
T0361,전에는 결과물 퀄을 설명했다면\n지금은 어떤 재미가 생기는지를 말하게 되더라\n\n서비스 성격이 달라졌다는 뜻 같음,before_after_recommended,soft,no,yes,club-flash|rainy-crosswalk|red-carpet-glam,2026-08-22 11:32,draft,
T0362,친구랑 같이 넣어보면 재밌는 장면이 있고\n혼자 해야 더 살아나는 장면이 있음\n\n이 차이 보는 것도 은근 재밌다,soft_cta,none,no,no,,2026-08-22 18:37,draft,
T0363,필터 중심으로 생각할 땐\n결과가 다 비슷해질 수밖에 없었음\n\n장면 중심으로 옮기니까 체감이 꽤 달라졌다,before_after_recommended,none,no,yes,red-carpet-glam|cinematic-horseback|bronze-statue-bench,2026-08-22 21:26,draft,
T0364,점심시간에 심심해서 눌렀다가\n프사 후보 생기면\n그건 꽤 성공한 체험 아닐까,soft_cta,soft,no,no,,2026-08-23 10:13,draft,
T0365,내 사진 넣었을 때\n어떤 장면이 제일 잘 어울릴지 보는 재미가 분명 있음\n\n취향 맞나 보려면 https://www.styledrop.cloud,direct_cta,direct,yes,yes,skydiving|idol-photocard|dreamy-wildflower,2026-08-23 17:22,draft,
T0366,퍼스널컬러처럼 실용적인 것도 있고\n그냥 놀기 좋은 것도 있는데\n밤엔 둘 다 다르게 들어와,text_only,none,no,no,,2026-08-23 21:04,draft,
T0367,하나 잘 나온 결과보다\n여러 번 눌러보게 되는 흐름을 만드는 게 훨씬 어렵더라\n\n그래서 오히려 더 집착하게 됐음,soft_cta,soft,no,no,,2026-08-24 10:33,draft,
T0368,개발자 입장에서 만든 거지만\n결국 쓰는 사람은 재미 있어야 하니까\n그 부분을 제일 먼저 챙겼어,text_only,none,no,no,,2026-08-24 17:43,draft,
T0369,내 얼굴이 영화 속 인물처럼 나오면\n좀 민망할 줄 알았는데\n생각보다 마음에 드는 컷이 생겨서 놀람,image_recommended,none,no,yes,idol-photocard|red-carpet-glam|dreamy-wildflower,2026-08-24 21:26,draft,
T0370,하루 끝나고 나면\n결국 남는 건 몇 장의 장면뿐인 것 같아\n그중 하나가 됐으면 좋겠어서 만들었어,text_only,none,no,no,,2026-08-25 12:04,draft,
T0371,점심 먹고 나면 뇌가 느려지잖아\n그때 딱 보기 좋은 종류의 서비스임\n어렵지 않게 바로 결과가 뜸,image_recommended,none,no,yes,dreamy-wildflower|datecam-film|ulzzang-cam,2026-08-25 17:01,draft,
T0372,요즘 프사 다 비슷해 보여서\n아예 다른 결로 놀아보고 싶어서 만들었어\n감성 카드 느낌으로,soft_cta,soft,no,no,,2026-08-25 20:33,draft,
T0373,점심시간 심심풀이 치고는\n결과가 너무 괜찮게 나와서\n나도 조금 당황했어 😳\nhttps://www.styledrop.cloud/,direct_cta,direct,yes,yes,red-carpet-glam|maid-cafe-heart|skydiving,2026-08-26 11:01,draft,
T0374,퇴근 시간엔 무조건 무거운 것보다\n가볍게 해볼 수 있는데 마음에는 좀 남는 것\n그런 서비스를 만들고 싶었어,soft_cta,soft,no,no,,2026-08-26 17:49,draft,
T0375,한 장 완성에 집중하던 때보다\n여러 장을 넘겨보는 흐름을 볼 때가 더 재밌어졌다\n\n서비스가 조금 더 살아 있는 느낌이 남,before_after_recommended,none,no,yes,bronze-statue-bench|club-flash|rainy-crosswalk,2026-08-26 20:31,draft,
T0376,이런 말 좀 쑥스럽지만\n점심시간에 한 번만 눌러봐줘도\n나한텐 꽤 큰 사건임 🙂\nhttps://www.styledrop.cloud/,direct_cta,direct,yes,no,,2026-08-27 12:21,draft,
T0377,내가 보는 너 결과는\n밤에 보면 진짜 오래 남아\n별생각 없던 사람도 떠오르게 만들거든,image_recommended,none,no,yes,datecam-film|ulzzang-cam|idol-photocard,2026-08-27 18:14,draft,
T0378,오늘 거울 속 내가 너무 평범해 보이면\n다른 세계관 버전의 나를 한 번 보는 것도 재밌어\n생각보다 기분 전환 잘 됨,soft_cta,soft,no,no,,2026-08-27 20:41,draft,
T0379,혼자 만드는 사람의 욕심이란 게\n예쁘다보다 오래 남는다 쪽으로 가더라\n그래서 결과 톤을 꽤 많이 손봤어,image_recommended,none,no,yes,idol-photocard|red-carpet-glam|dreamy-wildflower,2026-08-28 10:57,draft,
T0380,가볍게 보내봤는데\n상대가 자기 사진으로 다시 해보는 순간이 있음\n\n그 흐름이 생기면 서비스가 확 살아난다,soft_cta,soft,no,no,,2026-08-28 16:59,draft,
T0381,혼자 웃고 끝나는 결과보다\n누군가한테 바로 보내고 싶은 결과가 더 힘이 세더라\n\n이번엔 공유했을 때 얘깃거리 생기는 쪽을 꽤 봤다,soft_cta,none,no,no,,2026-08-28 21:29,draft,
T0382,사진 한 장 올렸더니\n감성 카드처럼 뽑히는 게 꽤 괜찮아서\n나도 모르게 몇 장 더 해봄\nhttps://www.styledrop.cloud/,direct_cta,direct,yes,yes,dreamy-wildflower|red-carpet-glam|maid-cafe-heart,2026-08-29 10:39,draft,
T0383,오늘따라 유난히 지쳤는데\n내가 만든 기능 몇 개 다시 돌려보니까\n이상하게 조금은 기분이 살아났다,soft_cta,soft,no,no,,2026-08-29 18:37,draft,
T0384,심심할 때 한두 장면 보는 용도로도 괜찮고\n친구 하나 떠오를 때 들어와도 괜찮음\n\nhttps://www.styledrop.cloud,direct_cta,direct,yes,no,,2026-08-29 22:29,draft,
T0385,사람들이 오래 본다는 건\n대단한 기능보다 가벼운 반복이 잘 된다는 뜻 같음\n\nStyleDrop도 그 반복 감각을 많이 보면서 다듬었음,text_only,none,no,no,,2026-08-30 11:14,draft,
T0386,점심 먹다가\n내 사진 넣어봤는데\n생각보다 결과가 너무 괜찮아서 좀 놀람\n혼자 만든 서비스라 첫 반응이 더 궁금해,image_recommended,none,no,yes,dreamy-wildflower|datecam-film|ulzzang-cam,2026-08-30 17:39,draft,
T0387,친구랑 같이 돌려보면 좋은 이유\n결과가 진지해서 더 웃김\n장난으로 시작했다가 저장하게 됨,soft_cta,soft,no,no,,2026-08-30 21:23,draft,
T0388,밤은 늘 조금 과몰입의 시간이라\n내 얼굴 하나에도 괜히 의미를 붙이게 돼\n그래서 더 재미있나 봐,image_recommended,none,no,yes,ulzzang-cam|idol-photocard|red-carpet-glam,2026-08-31 12:03,draft,
T0389,퇴근 후 나를 다시 보고 싶은 사람에게\n이건 꽤 괜찮은 작은 놀이일지도 몰라\n내가 직접 만든 거라 더 많이 궁금하고\nhttps://www.styledrop.cloud/\n\n## 21시용 100개,direct_cta,direct,yes,no,,2026-08-31 17:32,draft,
T0390,친구가 보내준 결과물 중에\n유독 오래 기억나는 건 웃긴 쪽인지 멋있는 쪽인지 궁금함\n\n나는 웃긴 쪽이 더 오래 남더라,soft_cta,soft,no,no,,2026-08-31 21:28,draft,
T0391,불 꺼놓고 보기 좋은 결과가 있다는 말\n이상하지만 대충 무슨 뜻인지 알지 🌙\nhttps://www.styledrop.cloud/,direct_cta,direct,yes,yes,idol-photocard|dreamy-wildflower|red-carpet-glam,2026-09-01 12:21,draft,
T0392,AI 사진에서 의외로 중요한 건\n완성 이후보다 선택 직전의 망설임 같음\n\n그 망설임이 즐거우면 결과도 더 재밌게 느껴짐,soft_cta,soft,no,no,,2026-09-01 17:07,draft,
T0393,새로운 앱 나오면\n기능 설명보다 감도부터 보는 사람이라면\n아마 카드 배열만 봐도 취향 갈릴 거다,image_recommended,none,no,yes,ulzzang-cam|idol-photocard|red-carpet-glam,2026-09-01 21:19,draft,
T0394,퇴근길에 가볍게 해보면 좋겠다고 생각하면서 만든 서비스야\n셀카 한 장으로 분위기가 꽤 달라져\nhttps://www.styledrop.cloud/,direct_cta,direct,yes,no,,2026-09-02 10:48,draft,
T0395,결과물 퀄만 보던 시선에서\n고르는 재미를 보는 시선으로 꽤 달라졌음\n\n그 차이를 담은 쪽은 여기\nhttps://www.styledrop.cloud,before_after_recommended,direct,yes,yes,bronze-statue-bench|club-flash|rainy-crosswalk,2026-09-02 17:04,draft,
T0396,무드 있는 결과가 좋은지\n웃긴 결과가 더 좋은지\n은근 취향 갈리는 포인트 같음\n\n나는 둘 다 있어야 오래 간다고 봄,soft_cta,soft,no,no,,2026-09-02 20:38,draft,
T0397,내 얼굴이 갑자기 우주비행사로 나왔는데\n웃기기보다 묘하게 잘 어울려서\n오히려 진지하게 보게 되더라,image_recommended,none,no,yes,datecam-film|ulzzang-cam|idol-photocard,2026-09-03 11:46,draft,
T0398,지금 누워서 보고 있다면\n아마 한 번쯤 셀카 올려보고 싶어질 거야\n나도 그랬거든 🙂\nhttps://www.styledrop.cloud/,direct_cta,direct,yes,no,,2026-09-03 17:57,draft,
T0399,이거 만들면서 느낀 건\n사람들이 예쁜 사진보다\n자기 분위기 잘 나온 한 장을 더 좋아한다는 거,image_recommended,none,no,yes,idol-photocard|red-carpet-glam|dreamy-wildflower,2026-09-03 22:29,draft,
T0400,권투 선수처럼 선명한 캐릭터와\n일상 무드 장면을 같이 두면\n사람들이 어느 쪽부터 고를지 늘 흥미로움,soft_cta,soft,no,no,,2026-09-04 12:09,draft,
T0401,점심시간에 한 번쯤\n내 얼굴로 다른 버전의 나를 보는 경험\n그거 생각보다 기분 전환됨 ✨\nhttps://www.styledrop.cloud/,direct_cta,direct,yes,yes,idol-photocard|dreamy-wildflower|red-carpet-glam,2026-09-04 17:38,draft,
T0402,카드 한 장만 보고도\n내 사진 넣었을 때의 표정까지 상상되면\n그건 거의 성공한 카드더라,soft_cta,none,no,no,,2026-09-04 21:06,draft,
T0403,친구 얼굴 하나 떠오르는 순간\n이 서비스는 반쯤 시작된 거라고 봄\n\n그런 카드들 궁금하면 https://www.styledrop.cloud,direct_cta,direct,yes,yes,red-carpet-glam|maid-cafe-heart|skydiving,2026-09-05 11:16,draft,
T0404,가볍게 카톡에 던졌을 때\n바로 답장 오는 결과는 확실히 따로 있더라\n\n그런 결과가 오래 남는 편임,soft_cta,none,no,no,,2026-09-05 17:08,draft,
T0405,밤에는 설명이 길면 안 읽게 되더라\n그래서 그냥 사진 넣고 바로 결과 보는 흐름으로 만들었어\n생각은 그다음에 해도 되니까,image_recommended,none,no,yes,red-carpet-glam|dreamy-wildflower|datecam-film,2026-09-05 21:27,draft,
T0406,나를 다르게 보여주는 건 많은데\n나를 다르게 느끼게 하는 건 생각보다 적더라\n그래서 그쪽을 해보고 싶었어,soft_cta,soft,no,no,,2026-09-06 12:17,draft,
T0407,이거 약간 웃김\n내 얼굴이 우주비행사로 바뀌었는데\n낯선데 또 묘하게 잘 어울리더라\n점심시간에 한 번쯤 눌러보게 되는 타입,before_after_recommended,soft,no,yes,rainy-crosswalk|red-carpet-glam|cinematic-horseback,2026-09-06 18:33,draft,
T0408,반응형 콘텐츠 좋아하고\n짧게 놀 거 찾는 사람이라면\n이런 장면형 서비스가 꽤 잘 맞을 수 있음,soft_cta,soft,no,no,,2026-09-06 21:14,draft,
T0409,사진 한 장이 카드처럼 남는 순간\n괜히 저장 버튼이 빨라져\n밤엔 더 그렇고 🙂\nhttps://www.styledrop.cloud/,direct_cta,direct,yes,yes,maid-cafe-heart|skydiving|idol-photocard,2026-09-07 12:21,draft,
T0410,결과 하나로 끝나는 게 좋은지\n고르는 순간부터 재미가 있어야 하는지\n\n나는 완전히 후자 쪽이더라\n이런 취향 꽤 많을 것 같음,soft_cta,soft,no,no,,2026-09-07 18:06,draft,
T0411,퍼컬도 넣고\n감성 카드도 넣고\n오디션도 넣고\n결국 다 나를 다르게 보는 재미 쪽으로 모이더라,image_recommended,none,no,yes,dreamy-wildflower|datecam-film|ulzzang-cam,2026-09-07 21:28,draft,
T0412,회사 끝나고 난 뒤의 나를 위한 장난 같은 것\n근데 이상하게 조금 진심인 것\n내가 만들고 싶었던 건 대충 그런 거야\nhttps://www.styledrop.cloud/,direct_cta,direct,yes,no,,2026-09-08 11:22,draft,
T0413,친구한테 조용히 보내기 좋은 서비스\n너 이거 하면 어떤 결과 나올지 궁금하다\n이 말 붙이기 딱 좋음,image_recommended,none,no,yes,ulzzang-cam|idol-photocard|red-carpet-glam,2026-09-08 17:18,draft,
T0414,같은 사진으로도\n어느 장면에 넣느냐에 따라 전혀 다른 사람이 되더라\n\n그 차이를 보는 재미가 생각보다 크다,soft_cta,soft,no,no,,2026-09-08 21:59,draft,
T0415,새로운 서비스 볼 때\n복잡한 설명 없이 바로 손부터 가는 사람이라면\n아마 카드형 UI를 편하게 느낄 가능성이 높음,image_recommended,none,no,yes,red-carpet-glam|dreamy-wildflower|datecam-film,2026-09-09 11:01,draft,
T0416,지금 이 시간에 보는 서비스는\n대체로 저장까지 가야 기억나더라\n그래서 저장하고 싶은 컷을 만들고 싶었어,soft_cta,soft,no,no,,2026-09-09 18:08,draft,
T0417,장면의 힘이 큰지\n얼굴 변환의 힘이 큰지\n만들다 보면 생각보다 답이 자주 바뀌더라\n\n지금은 전자가 더 크게 느껴짐,before_after_recommended,soft,no,yes,rainy-crosswalk|red-carpet-glam|cinematic-horseback,2026-09-09 20:59,draft,
T0418,점심 먹고 피곤할 때\n이상하게 이런 게 더 잘 들어온다\n가볍게 보고 웃고 넘기기 좋아 🙂\nhttps://www.styledrop.cloud/,direct_cta,direct,yes,no,,2026-09-10 10:11,draft,
T0419,결과 퀄보다\n“이건 내 사진으로 보고 싶다”가 먼저 드는 사람이라면\n이런 카드형 구조를 더 재밌게 볼 가능성이 큼,image_recommended,none,no,yes,idol-photocard|red-carpet-glam|dreamy-wildflower,2026-09-10 17:51,draft,
T0420,장면에 대한 설명을 길게 붙이지 않아도\n사람이 바로 상상해버리는 카드들이 있음\n\n그런 카드일수록 눌림이 좋더라,soft_cta,none,no,no,,2026-09-10 22:26,draft,
T0421,딱히 거창한 기능 얘기보다\n그냥 카드 몇 개 보는 재미가 꽤 있다는 쪽에 가까움\n\nhttps://www.styledrop.cloud,direct_cta,direct,yes,yes,idol-photocard|dreamy-wildflower|red-carpet-glam,2026-09-11 11:37,draft,
T0422,솔직히 나는\n완벽하게 나온 사진보다\n살짝 예상 밖으로 나온 결과가 더 기억에 남더라\n\n이번에도 그 느낌을 꽤 살려봤음,text_only,none,no,no,,2026-09-11 18:08,draft,
T0423,오늘 점심시간 순삭한 이유\n내 얼굴로 서부 총잡이 만들어보고\n혼자 피식했기 때문,image_recommended,none,no,yes,ulzzang-cam|idol-photocard|red-carpet-glam,2026-09-11 21:54,draft,
T0424,디자이너로서 만든 거라기보다\n오늘의 나를 조금 다르게 보여주는 도구를 만들고 싶었어\n그게 더 맞는 표현 같아,soft_cta,soft,no,no,,2026-09-12 10:38,draft,
T0425,무드 컷이 먼저인지\n웃긴 컷이 먼저인지\n자기 취향 체크해보는 용도로 봐도 은근 재밌다,soft_cta,soft,no,no,,2026-09-12 18:36,draft,
T0426,혼자 만드는 사람 마음이란 게\n결국 누군가 저장해뒀다는 상상만으로도 좀 행복해짐\n그래서 더 조심스럽게 만들었어,soft_cta,soft,no,no,,2026-09-12 20:34,draft,
T0427,너라면 친구한테 먼저 보낼 카드가\n분위기 있는 쪽일지 장난스러운 쪽일지 궁금하다\n\n이 선택 꽤 성향 드러남,soft_cta,soft,no,no,,2026-09-13 10:32,draft,
T0428,나만 아직 이런 거 안 해본 느낌 들 때 있잖아\n밤에 보면 특히 더 그래\n그래서 더 눌러보게 됨,soft_cta,soft,no,no,,2026-09-13 18:38,draft,
T0429,밤에는 괜히\n내가 보는 나보다 남이 보는 내가 더 궁금해져\n그 마음으로 만든 기능도 있어,text_only,none,no,no,,2026-09-13 21:12,draft,
T0430,혼자 보기 아까운 결과가 나오면\n이런 서비스는 그걸로 꽤 역할을 다했다고 봄\n\nhttps://www.styledrop.cloud,direct_cta,direct,yes,yes,skydiving|idol-photocard|dreamy-wildflower,2026-09-14 11:52,draft,
T0431,보기 좋은 결과만 쌓이면\n결국 하나의 톤으로 굳어버리는 느낌이 있었음\n\n그래서 일부러 결이 다른 장면들을 섞어놨다,text_only,none,no,no,,2026-09-14 18:26,draft,
T0432,혼자 만드는 사람 입장에선\n자고 일어나면 누가 해봤다는 흔적이 있길 바라는 마음\n그게 은근 크다,conversation,none,no,no,,2026-09-14 20:31,draft,
T0433,필터처럼 지나가는 서비스 말고\n조금은 장면 구경하는 재미가 있는 쪽을 찾는다면\n\n이쪽이 더 맞을 수 있음\nhttps://www.styledrop.cloud,direct_cta,direct,yes,no,,2026-09-15 10:36,draft,
T0434,결과가 잘 나올 것 같은 카드보다\n어떻게 나올지 모르는 카드가 더 궁금할 때가 있더라\n\n그런 카드들 보려면 https://www.styledrop.cloud,conversation,direct,yes,no,,2026-09-15 18:14,draft,
T0435,새 서비스 볼 때\n정보보다 감각을 먼저 보는 사람이라면\n카드형 구조가 훨씬 편할 수 있음\n\n이 취향 은근 많더라,soft_cta,soft,no,no,,2026-09-15 22:21,draft,
T0436,재미는 있는데 귀찮으면 안 하게 되고\n쉬운데 뻔하면 또 금방 떠나더라\n\n그 중간 지점을 맞추는 게 제일 어렵더라고,soft_cta,soft,no,no,,2026-09-16 10:39,draft,
T0437,나를 꾸민다기보다\n나를 다른 쪽에서 비춰보는 느낌\n이런 서비스가 은근 오래 남더라,text_only,none,no,no,,2026-09-16 16:49,draft,
T0438,AI 프로필은 솔직히 기대 안 했는데\n의외로 가장 바로 쓰고 싶어진 기능이었어\n프사 갈아타고 싶을 정도,image_recommended,none,no,yes,ulzzang-cam|idol-photocard|red-carpet-glam,2026-09-16 21:03,draft,
T0439,점심시간에 잠깐 해봤다가\n생각보다 오래 붙잡고 있게 되는 타입\n한 장으로 끝날 줄 알았는데 아니더라\nhttps://www.styledrop.cloud/,direct_cta,direct,yes,no,,2026-09-17 11:26,draft,
T0440,결과를 보여주기보다\n궁금증을 먼저 심는 카드가 훨씬 오래 남더라\n\n그래서 앞단 설계를 더 열심히 하게 됐음,soft_cta,soft,no,no,,2026-09-17 18:11,draft,
T0441,새로운 앱을 볼 때\n기능 먼저 파는지 분위기 먼저 보는지 궁금하다\n\n나는 완전 후자라 이런 서비스가 더 재밌음,before_after_recommended,soft,no,yes,club-flash|rainy-crosswalk|red-carpet-glam,2026-09-17 21:53,draft,
T0442,나를 멋있게 만드는 것보다\n나를 흥미롭게 만드는 게 더 어렵더라\n그래서 오래 붙잡았어,text_only,none,no,no,,2026-09-18 11:24,draft,
T0443,내 얼굴이 우주비행사처럼 나왔는데\n웃기다보다 더 멀리 가고 싶은 기분이 들더라\n밤에는 이런 해석도 가능함,image_recommended,none,no,yes,ulzzang-cam|idol-photocard|red-carpet-glam,2026-09-18 18:07,draft,
T0444,나는 요즘\n사진 퀄보다 반응 포인트가 있는지가 더 중요해졌음\n\n혼자 보고 끝나는 결과보다\n누가 떠오르는 결과가 더 세더라,conversation,none,no,no,,2026-09-18 22:01,draft,
T0445,보정 감도 위주에서\n장면 체험 위주로 보는 시선이 생기니까\n같은 서비스도 완전히 다르게 느껴지더라,before_after_recommended,soft,no,yes,bronze-statue-bench|club-flash|rainy-crosswalk,2026-09-19 12:04,draft,
T0446,밤에 누워서 남들 사진 보다 보면\n왜 나만 아직 평소 셀카 같지 싶을 때가 있잖아\n그 기분을 좀 건드리는 서비스야,conversation,none,no,no,,2026-09-19 16:39,draft,
T0447,불 끄고 누워서 보다가\n갑자기 사진 한 장 올리게 되는 서비스\n대충 그런 결로 만들었어 👀\nhttps://www.styledrop.cloud/,direct_cta,direct,yes,yes,dreamy-wildflower|red-carpet-glam|maid-cafe-heart,2026-09-19 21:49,draft,
T0448,결과물만 잘 뽑아주는 앱은 많아도\n구경하는 재미까지 주는 쪽은 많지 않더라\n\n그 미묘한 차이를 계속 붙들고 만들었음,text_only,none,no,no,,2026-09-20 10:17,draft,
T0449,하루 끝나갈 때쯤 보는 결과물은\n낮보다 조금 더 솔직하게 다가오는 것 같아\n그래서 좋음,image_recommended,none,no,yes,idol-photocard|red-carpet-glam|dreamy-wildflower,2026-09-20 17:43,draft,
T0450,다들 결과 궁금해지는 포인트가\n배경인지 의상인지 표정인지 궁금하다\n\n나는 의외로 배경이 제일 큼,soft_cta,soft,no,no,,2026-09-20 20:59,draft,
T0451,그냥 필터처럼 소비되는 건 싫어서\n조금 더 이야기 생기는 결과를 만들고 싶었어\n그래서 카드 느낌으로 갔음,image_recommended,none,no,yes,dreamy-wildflower|datecam-film|ulzzang-cam,2026-09-21 10:23,draft,
T0452,퇴근하고 나면\n나를 설명하는 말보다\n나를 보여주는 한 장이 더 와닿더라 ✨\nhttps://www.styledrop.cloud/,direct_cta,direct,yes,no,,2026-09-21 18:21,draft,
T0453,사람들이 오래 머무는 포인트는\n생각보다 화질이나 디테일만은 아니더라\n\n“이 장면에 내가 들어가면 어떨까”\n이 상상이 붙는 순간이 더 컸음,text_only,none,no,no,,2026-09-21 20:42,draft,
T0454,나도 해봐야겠다\n이 생각이 슬쩍 드는 정도면 충분하다고 봐\n너무 세게 밀고 싶진 않았거든 🙂\nhttps://www.styledrop.cloud/,direct_cta,direct,yes,no,,2026-09-22 11:53,draft,
T0455,내 얼굴이 인형뽑기 기계 안에 있으면 웃길지 귀여울지\n막상 돌리기 전엔 전혀 모르겠더라\n\n그 모름이 꽤 큰 재미였음,soft_cta,soft,no,no,,2026-09-22 17:12,draft,
T0456,AI 오디션은 웃기려고 넣었는데\n결과 보고 친구한테 바로 공유하게 되는 쪽이 있더라\n나도 그랬고,soft_cta,soft,no,no,,2026-09-22 21:58,draft,
T0457,설명 길면 피곤한데\n결과는 재밌고 싶은 사람에게는\n이런 가벼운 카드형 서비스가 잘 맞는 편임,soft_cta,soft,no,no,,2026-09-23 11:16,draft,
T0458,친구한테 야 이거 해봐\n딱 이 말 나오게 만들고 싶었어\n생각보다 그런 반응이 제일 반갑더라,soft_cta,soft,no,no,,2026-09-23 16:37,draft,
T0459,혼자 만들던 걸 올려두면\n반응이 없는 게 제일 무서운데\n그래서 더 한 번씩 눌러주면 감사함,soft_cta,soft,no,no,,2026-09-23 21:11,draft,
T0460,혼자 만들고 올려두면\n반응 없을까 봐 괜히 더 들여다보게 되는데\n밤엔 그 마음이 배로 커진다,text_only,none,no,no,,2026-09-24 10:14,draft,
T0461,비슷비슷한 결과에 피로한 사람한텐\n작은 차이보다 큰 장면 전환이 더 잘 먹히더라\n\n그래서 아예 결이 다른 카드들을 한데 묶어봤음,soft_cta,soft,no,no,,2026-09-24 18:01,draft,
T0462,공유가 안 되는 결과는 빨리 잊히고\n반응이 붙는 결과는 오래 남더라\n\n그 차이를 보고 만들었음\nhttps://www.styledrop.cloud,direct_cta,direct,yes,yes,dreamy-wildflower|red-carpet-glam|maid-cafe-heart,2026-09-24 21:17,draft,
T0463,좋은 결과는 남지만\n좋은 경험은 다시 오게 하더라\n\n그래서 이번엔 결과보다 경험 쪽을 더 많이 다듬었음,soft_cta,soft,no,no,,2026-09-25 10:37,draft,
T0464,지금 보면 아마\n나도 하나쯤 만들어둘까 싶어질 수도 있음\n그게 너무 과하지 않게 오면 좋겠어서 이렇게 만들었어\nhttps://www.styledrop.cloud/,direct_cta,direct,yes,no,,2026-09-25 17:32,draft,
T0465,AI 프로필은 낮보다 밤에 더 강한 것 같아\n프사 바꾸고 싶은 충동이 이 시간에 제일 세짐,image_recommended,none,no,yes,red-carpet-glam|dreamy-wildflower|datecam-film,2026-09-25 21:37,draft,
T0466,혼자 보기에 끝나는 서비스는 금방 식고\n공유 한번 붙는 순간 체감이 확 달라짐\n\n그쪽 흐름 신경 쓴 건 여기서 볼 수 있음\nhttps://www.styledrop.cloud,direct_cta,direct,yes,no,,2026-09-26 12:24,draft,
T0467,예전엔 기술 데모처럼 보였다면\n지금은 친구랑 같이 노는 콘텐츠처럼 보이게 만들고 싶었음\n\n같은 AI라도 체감은 완전히 다르더라,before_after_recommended,soft,no,yes,rainy-crosswalk|red-carpet-glam|cinematic-horseback,2026-09-26 17:16,draft,
T0468,AI 사진 서비스가 다 비슷하게 느껴지는 건\n사실 결과보다 과정이 뻔해서일 수도 있음\n\n고르는 순간부터 재미가 붙어야 오래 가더라,text_only,none,no,no,,2026-09-26 20:51,draft,
T0469,결과를 저장하는 편인지\n친구 보내는 편인지에 따라 보는 포인트가 달라지더라\n\n다들 어느 쪽이 더 큰지 궁금함,before_after_recommended,soft,no,yes,cinematic-horseback|bronze-statue-bench|club-flash,2026-09-27 10:44,draft,
T0470,퇴근 시간엔 친구한테\n이거 해봐 한 마디 보내고 싶은 서비스가 좋잖아\n그 느낌을 만들고 싶었어,soft_cta,soft,no,no,,2026-09-27 18:07,draft,
T0471,프로필용으로 보는 시선과\n공유용으로 보는 시선은 정말 다르더라\n\n이번엔 두 시선을 같이 놓고 설계했음,before_after_recommended,none,no,yes,club-flash|rainy-crosswalk|red-carpet-glam,2026-09-27 21:49,draft,
T0472,혼자 디자인하고 개발한 거라\n기능 하나하나에 이유가 있는데\n결국 다 나를 다시 보게 한다는 쪽으로 이어지더라,text_only,none,no,no,,2026-09-28 11:01,draft,
T0473,사진 한 장 넣으면\n내 분위기를 다른 캐릭터처럼 꺼내주는 느낌\n혼자 해보다가 생각보다 잘 나와서 만족했음\nhttps://www.styledrop.cloud/,direct_cta,direct,yes,yes,red-carpet-glam|maid-cafe-heart|skydiving,2026-09-28 18:37,draft,
T0474,오늘처럼 피곤한 날은\n관상 테스트 같은 것도 괜히 더 재밌어\n진지하지 않아서 오히려 좋고,text_only,none,no,no,,2026-09-28 22:26,draft,
T0475,밤엔 사소한 말도 오래 남고\n사소한 이미지도 자꾸 생각나잖아\n그래서 결과물의 여운을 많이 신경 썼어,image_recommended,none,no,yes,red-carpet-glam|dreamy-wildflower|datecam-film,2026-09-29 12:29,draft,
T0476,이런 서비스는\n혼자 보기 좋은 카드와 친구 보내기 좋은 카드가 완전히 다르더라\n\n둘 다 챙기려고 톤을 꽤 나눠봤음,soft_cta,none,no,no,,2026-09-29 17:06,draft,
T0477,무드파인지 반응파인지\n어느 쪽에 가까운지 스스로 테스트해보고 싶다면\n\nhttps://www.styledrop.cloud,direct_cta,direct,yes,yes,dreamy-wildflower|red-carpet-glam|maid-cafe-heart,2026-09-29 20:59,draft,
T0478,이거 그냥 필터 아니고\n묘하게 저장하고 싶은 한 장이 남더라\n그래서 점심에 몇 번씩 눌러보게 됨,soft_cta,soft,no,no,,2026-09-30 11:58,draft,
T0479,멋있는 결과를 친구한테 보내는 편인지\n웃긴 결과를 더 잘 보내는 편인지\n\n이거 꽤 사람 성향 보이더라,soft_cta,none,no,no,,2026-09-30 18:27,draft,
T0480,나도 원래 이런 말 잘 못 하는데\n혼자 만든 서비스라 더 애착이 감\n그래서 가볍게라도 써줘 보면 진짜 고마워,soft_cta,soft,no,no,,2026-09-30 21:02,draft,
T0481,혼자 만드는 입장이라\n처음 쓰는 사람 반응이 제일 귀함\n근데 일단 재미는 꽤 챙겨놨다고 생각해,text_only,none,no,no,,2026-10-01 10:02,draft,
T0482,멋있게 남는 컷이 좋은지\n반응 오기 쉬운 컷이 좋은지\n둘 다 포기 못 하는 사람 많지 않나,soft_cta,soft,no,no,,2026-10-01 18:29,draft,
T0483,멋있는 세계관도 좋지만\n생활감 있는 배경에 내 얼굴 넣는 재미도 은근 큼\n\n어느 쪽이 더 궁금한지 사람마다 많이 다르더라,soft_cta,soft,no,no,,2026-10-01 21:06,draft,
T0484,혼자 돌려보는 재미도 있지만\n나는 누가 반응해줄 때 이 서비스가 더 살아난다고 느꼈음\n\n그래서 공유 흐름도 가볍게 만들었다,conversation,soft,no,no,,2026-10-02 12:19,draft,
T0485,재밌는 거 발견하면\n혼자 저장하기보다 한 명한테 바로 보내는 사람이라면\n공유성 있는 카드에 더 끌릴 가능성이 큼,image_recommended,none,no,yes,red-carpet-glam|dreamy-wildflower|datecam-film,2026-10-02 16:48,draft,
T0486,처음엔 잘 나온 한 장이 목표였는데\n지금은 다시 들어오게 만드는 게 더 중요해졌음\n\n그 차이를 담아둔 쪽이 여기임\nhttps://www.styledrop.cloud,direct_cta,direct,yes,no,,2026-10-02 21:26,draft,
T0487,사실 제일 듣고 싶은 말은 그거야\n어 이거 생각보다 재밌네\n그 한마디가 혼자 만드는 사람한텐 엄청 크더라,text_only,none,no,no,,2026-10-03 11:28,draft,
T0488,예전엔 AI 사진을\n보정 툴처럼만 생각했는데\n\n만들다 보니\n이건 가볍게 노는 콘텐츠에 더 가깝다는 걸 알겠더라,text_only,none,no,no,,2026-10-03 17:46,draft,
T0489,결과 퀄보다 취향 맞는 장면이 중요한 사람이라면\n카드만 훑어봐도 바로 감이 올 수 있음\n\nhttps://www.styledrop.cloud,direct_cta,direct,yes,yes,maid-cafe-heart|skydiving|idol-photocard,2026-10-03 21:51,draft,
T0490,한 번 해보고 끝나는 서비스는\n기억엔 남아도 습관은 안 되더라\n\n이번엔 적어도 옆 카드 하나는 더 궁금해지게 만드는 걸 노렸음,soft_cta,soft,no,no,,2026-10-04 11:48,draft,
T0491,전엔 한 장 뽑고 끝나는 느낌이었고\n지금은 옆 카드까지 이어지는 느낌이 목표임\n\n심심풀이 서비스일수록 이게 중요하더라,before_after_recommended,soft,no,yes,club-flash|rainy-crosswalk|red-carpet-glam,2026-10-04 17:34,draft,
T0492,퇴근길의 감정은 묘해\n피곤한데 그냥 끝내긴 아쉽고\n그 틈에 이런 게 조금 스며드는 것 같아,text_only,none,no,no,,2026-10-04 21:28,draft,
T0493,혼자 작업하다가 올린 서비스인데\n유독 밤에 더 잘 어울리는 결과들이 있음\n조용히 보기 좋게 남아,image_recommended,none,no,yes,ulzzang-cam|idol-photocard|red-carpet-glam,2026-10-05 11:17,draft,
T0494,오늘 하루 아무것도 안 했는데\n이거 하나 해보면 괜히 뭔가 한 느낌이 남음\n밤엔 그런 소소한 게 중요하더라,soft_cta,soft,no,no,,2026-10-05 18:08,draft,
T0495,내가 직접 만든 화면이라\n모서리 하나 색감 하나도 다 기억하는데\n거기에 결과가 딱 얹히는 순간이 좋더라,image_recommended,none,no,yes,red-carpet-glam|dreamy-wildflower|datecam-film,2026-10-05 22:19,draft,
T0496,사람들이 내 얼굴을 어떻게 읽는지\n은근 궁금한 날이 있잖아\n특히 퇴근길엔 그런 생각이 더 많아짐,conversation,none,no,no,,2026-10-06 12:03,draft,
T0497,사진 찍는 건 민망한데\n결과 보는 건 또 좋아하는 사람 은근 많더라\n\n앨범 사진으로도 노는 구조가 이런 타입에 잘 맞음,image_recommended,none,no,yes,datecam-film|ulzzang-cam|idol-photocard,2026-10-06 16:57,draft,
T0498,필터처럼 소비되는 결과는 금방 잊히는데\n장면 자체가 재밌으면 다시 생각나더라\n\n그래서 결과보다 설정을 더 오래 붙들고 만들었음,soft_cta,soft,no,no,,2026-10-06 21:18,draft,
T0499,점심 먹고 아무 생각 없을 때\n이런 서비스가 제일 잘 먹히는 것 같아\n설명 안 길고 바로 결과 나오는 거,image_recommended,none,no,yes,idol-photocard|red-carpet-glam|dreamy-wildflower,2026-10-07 12:26,draft,
T0500,잘 만든 서비스보다\n괜히 한 번 더 들어가 보는 서비스가 더 어렵더라\n\n그래서 순간 재미가 끊기지 않게 많이 만졌음\n이런 포인트 좋아하면 기억해둬도 좋음,soft_cta,soft,no,no,,2026-10-07 18:01,draft,
T0501,AI 오디션 결과가 괜히 오래 남는 이유\n밤엔 사소한 평가도 마음에 걸리니까\n근데 그래서 더 재밌기도 하고,image_recommended,none,no,yes,dreamy-wildflower|datecam-film|ulzzang-cam,2026-10-07 21:43,draft,
T0502,친구 사진으로도 해봤는데\n장난치려다 결과가 잘 나와서\n오히려 서로 저장함,soft_cta,soft,no,no,,2026-10-08 11:41,draft,
T0503,서비스가 오래 보이려면\n설명보다 체감이 먼저 와야 하더라\n\n그래서 카드 제목만 봐도 상상되게 하는 데 시간을 많이 썼음,soft_cta,soft,no,no,,2026-10-08 16:32,draft,
T0504,가끔은 결과 퀄보다\n누가 먼저 떠오르는지가 더 중요할 때가 있더라\n\n그런 결과 좋아하면 한 번 봐도 재밌을 듯\nhttps://www.styledrop.cloud,conversation,direct,yes,no,,2026-10-08 21:42,draft,
T0505,다들 결과 보고 감탄하는 편인지\n고르기 전에 더 설레는 편인지 궁금하다\n\n나는 확실히 두 번째 쪽,before_after_recommended,soft,no,yes,bronze-statue-bench|club-flash|rainy-crosswalk,2026-10-09 10:12,draft,
T0506,우주 쪽이 더 어울릴지\n서부 무드가 더 어울릴지\n막상 보기 전엔 전혀 감이 안 잡힘\n\n그게 오히려 재밌음,soft_cta,none,no,no,,2026-10-09 18:37,draft,
T0507,오늘 회사에서 말 너무 많이 해서 지쳤는데\n결과물 보고 혼자 조용히 웃은 순간이 있었다\n그런 힘이 있는 서비스면 좋겠다고 생각했어,image_recommended,none,no,yes,datecam-film|ulzzang-cam|idol-photocard,2026-10-09 22:16,draft,
T0508,AI 프로필 기능 넣은 이유도 비슷해\n남들 보여주기보다\n내가 나를 새롭게 보는 쪽이 더 컸어,soft_cta,soft,no,no,,2026-10-10 11:13,draft,
T0509,AI 사진이 다 비슷하게 느껴질 때는\n결과보다 장면을 먼저 보면 감이 달라짐\n\n내가 요즘 밀고 있는 방향이 딱 그쪽임\nhttps://www.styledrop.cloud,direct_cta,direct,yes,yes,maid-cafe-heart|skydiving|idol-photocard,2026-10-10 17:28,draft,
T0510,퇴근길에 이런 거 하나쯤 있으면 좋더라\n복잡하지 않고\n기분만 살짝 바꿔주는 거,text_only,none,no,no,,2026-10-10 21:47,draft,
T0511,혼자 만들어서 더 그런지\n반응 하나에도 하루 기분이 크게 왔다 갔다 해\n좋은 쪽으로 흔들리면 좋겠다 싶고,text_only,none,no,no,,2026-10-11 10:56,draft,
T0512,사람들이 날 어떻게 보는지 묻기 어려울 때\n익명으로 슬쩍 확인하는 방식이 더 편하더라\n그걸 그냥 기능으로 만든 거야,conversation,none,no,no,,2026-10-11 17:18,draft,
T0513,비 오는 횡단보도 vs 서부 총잡이\n둘 중 하나만 먼저 눌러야 한다면\n어느 쪽이 더 궁금한지 은근 궁금함,soft_cta,soft,no,no,,2026-10-11 21:49,draft,
T0514,비슷한 톤만 모아두면\n예쁘긴 해도 기억에는 잘 안 남더라\n\n결이 다른 카드들을 섞어놓으니 체감이 달라짐,before_after_recommended,none,no,yes,cinematic-horseback|bronze-statue-bench|club-flash,2026-10-12 11:04,draft,
T0515,혼자 만드는 입장에선\n누가 들어와서 한 장만 올려줘도\n되게 큰 응원이 된다 🙂\nhttps://www.styledrop.cloud/,conversation,direct,yes,no,,2026-10-12 16:54,draft,
T0516,무난함보다 포인트 있는 걸 고르는 사람은\n아마 강한 카드부터 손이 갈 가능성이 큼\n\n궁금하면 https://www.styledrop.cloud,direct_cta,direct,yes,yes,idol-photocard|dreamy-wildflower|red-carpet-glam,2026-10-12 21:52,draft,
T0517,이건 후기라기보다 고백인데\n내 사진으로 돌려보고\n제일 많이 놀란 사람이 바로 나였음,soft_cta,soft,no,no,,2026-10-13 11:19,draft,
T0518,결과 하나 뽑고 끝내는 것보다\n옆 카드 하나 더 눌러보게 되면 이미 충분하다고 봄\n\nhttps://www.styledrop.cloud,direct_cta,direct,yes,yes,red-carpet-glam|maid-cafe-heart|skydiving,2026-10-13 18:22,draft,
T0519,점심시간에 보기 좋은 이유는\n별생각 없이 눌렀다가\n어 이거 뭐야 하고 한 번 더 보게 된다는 거,soft_cta,soft,no,no,,2026-10-13 20:34,draft,
T0520,서비스를 만들기 전엔\n얼굴이 얼마나 예쁘게 바뀌는지가 핵심이라 생각했음\n\n막상 만들고 보니\n사람들은 장면에 더 반응하더라,before_after_recommended,none,no,yes,bronze-statue-bench|club-flash|rainy-crosswalk,2026-10-14 12:28,draft,
T0521,다들 자기만의 분위기 한 장씩은 갖고 있는 것 같은데\n나는 왜 아직 평범한 셀카뿐이지 싶어서 만들었어\n그리고 나부터 바로 써봄,conversation,none,no,no,,2026-10-14 18:03,draft,
T0522,낮엔 그냥 재밌었는데\n퇴근하고 다시 보니까 결과가 다르게 읽히더라\n밤 되기 전 감성이 살짝 올라오는 시간이라 그런가,image_recommended,none,no,yes,datecam-film|ulzzang-cam|idol-photocard,2026-10-14 22:03,draft,
T0523,같은 셀카라도\n도시 밤거리랑 눈 오는 골목에 넣으면\n느낌이 얼마나 달라질지 보는 맛이 있음,soft_cta,none,no,no,,2026-10-15 10:33,draft,
T0524,밤에는 자꾸\n내 얼굴이 아니라 내 분위기를 보게 돼\n이 서비스가 그 포인트를 잘 건드리는 듯,image_recommended,none,no,yes,idol-photocard|red-carpet-glam|dreamy-wildflower,2026-10-15 16:53,draft,
T0525,전엔 AI 사진을\n한 번 생성하고 저장하는 걸로 끝냈다면\n\n지금은 하나 만들고\n옆 카드까지 자연스럽게 보게 되는 흐름을 더 신경 씀,text_only,none,no,no,,2026-10-15 22:26,draft,
T0526,내 얼굴로 다른 장면을 가볍게 체험해보고 싶다면\n복잡한 설명 없이 카드부터 보면 됨\n\nhttps://www.styledrop.cloud,direct_cta,direct,yes,yes,idol-photocard|dreamy-wildflower|red-carpet-glam,2026-10-16 11:23,draft,
T0527,몽골 전사 버전이 생각보다 잘 나와서\n원래 넣을까 말까 했던 스타일인데\n결국 남겨두길 잘한 듯,text_only,none,no,no,,2026-10-16 18:16,draft,
T0528,내 얼굴이 영화 같은 장면에 들어가면\n멋있을지 어색할지부터 궁금해짐\n\n이런 반응이 바로 나오는 카드들이 의외로 많음,soft_cta,soft,no,no,,2026-10-16 20:52,draft,
T0529,하루 종일 기능 붙잡고 있다가\n퇴근할 때쯤 되면 늘 드는 생각\n이거 누가 재밌어해주면 좋겠다,conversation,none,no,no,,2026-10-17 10:51,draft,
T0530,예전엔 퀄이 전부라고 생각했는데\n요즘은 반응성이 더 중요하다고 느낀다\n\n좋아요보다 한마디 나오는 결과가 더 세더라,before_after_recommended,soft,no,yes,bronze-statue-bench|club-flash|rainy-crosswalk,2026-10-17 17:03,draft,
T0531,혼자 만들다 보니까\n누가 와서 한 번 눌러준다는 게\n생각보다 엄청 크게 느껴진다,conversation,soft,no,no,,2026-10-17 21:39,draft,
T0532,내가 보는 나 말고\n남이 느끼는 나까지 궁금해지는 시간\n대체로 밤이고\n그래서 이 기능이 더 잘 맞아,text_only,none,no,no,,2026-10-18 11:33,draft,
T0533,내 얼굴이 비 오는 횡단보도 안에 들어가면\n어떤 무드가 나올지 상상해본 적 있나\n\n이런 질문 하나가 생각보다 오래 남더라,soft_cta,none,no,no,,2026-10-18 18:38,draft,
T0534,예측 가능한 장면은 편하지만\n한 번 보고 끝나는 경우가 많았음\n\n그래서 조금은 낯설고 조금은 익숙한 선을 계속 만졌다,soft_cta,none,no,no,,2026-10-18 22:26,draft,
T0535,디자인도 개발도 혼자 하다 보니까\n사람들이 어떤 표정으로 이걸 눌러볼지\n퇴근 시간쯤 되면 더 궁금해져,soft_cta,soft,no,no,,2026-10-19 11:09,draft,
T0536,첫 화면에서 이미\n“오늘은 이거 해볼까”가 떠오르면 훨씬 강하더라\n\n카드형 구조의 장점이 딱 그거인 듯,soft_cta,soft,no,no,,2026-10-19 17:12,draft,
T0537,점심에 잠깐 와서\n한 번 해보고 그냥 넘어가도 괜찮은데\n아마 한 번 더 돌리게 될 걸,soft_cta,soft,no,no,,2026-10-19 21:02,draft,
T0538,친구랑 같이 보기 좋은 카드도 있고\n혼자 조용히 보는 카드도 있어서\n가볍게 구경만 해도 재밌을 수 있음\n\nhttps://www.styledrop.cloud,direct_cta,direct,yes,yes,red-carpet-glam|maid-cafe-heart|skydiving,2026-10-20 12:03,draft,
T0539,내가 보는 나와\n남이 읽는 내 인상 사이의 차이\n이 시간엔 그게 유독 더 크게 느껴짐,text_only,none,no,no,,2026-10-20 17:56,draft,
T0540,예쁜 결과 하나보다\n다음 카드가 궁금한 서비스가 더 오래 남더라\n\n그래서 그 흐름에 집중해서 만들었음\n궁금하면 https://www.styledrop.cloud,direct_cta,direct,yes,yes,skydiving|idol-photocard|dreamy-wildflower,2026-10-20 22:12,draft,
T0541,친구랑 같이 해보면 좋은 이유\n서로 놀리기 시작했다가\n나중엔 각자 제일 잘 나온 컷 저장하게 됨,soft_cta,soft,no,no,,2026-10-21 10:29,draft,
T0542,대단한 거 하자는 느낌보다\n짧게 들어와서 몇 장면 구경하는 느낌으로 보면 편함\n\nhttps://www.styledrop.cloud,direct_cta,direct,yes,no,,2026-10-21 18:29,draft,
T0543,분명 내 사진인데\n결과물은 약간 영화 포스터 같아서\n좀 신기했어\n내가 만든 건데도 계속 다시 보게 됨,image_recommended,none,no,yes,ulzzang-cam|idol-photocard|red-carpet-glam,2026-10-21 20:39,draft,
T0544,요즘은 기능 많은 서비스보다\n들어가자마자 감 오는 서비스가 더 세더라\n\n설명 읽기 전에\n손 먼저 가는 카드들을 만들고 싶었음,text_only,none,no,no,,2026-10-22 10:36,draft,
T0545,하루 끝자락에\n나를 다른 무드로 다시 만나는 경험\n이상하게 그것만으로도 좀 풀리는 게 있어 ✨\nhttps://www.styledrop.cloud/,direct_cta,direct,yes,yes,skydiving|idol-photocard|dreamy-wildflower,2026-10-22 17:27,draft,
T0546,공유 잘 되는 결과는\n완벽해서가 아니라 말 붙이기 쉬워서더라\n\n“이거 너 아님?” 한 줄 나오는 쪽이 진짜 셈,conversation,soft,no,no,,2026-10-22 21:56,draft,
T0547,결과가 비슷하게 느껴지는 피로감이 있다면\n장면부터 다르게 보는 게 확실히 낫더라\n\nhttps://www.styledrop.cloud,direct_cta,direct,yes,yes,dreamy-wildflower|red-carpet-glam|maid-cafe-heart,2026-10-23 11:41,draft,
T0548,혼자 작업하다 문득\n아 이건 누가 밤에 보면 해보고 싶겠는데\n싶었던 기능들이 있어\n결과도 좀 그런 쪽으로 나옴,conversation,soft,no,no,,2026-10-23 18:03,draft,
T0549,AI 프로필은 대놓고 꾸민 느낌보다\n조금 영화 스틸 같은 쪽이 좋아서\n그 방향으로 많이 손봤어,image_recommended,none,no,yes,idol-photocard|red-carpet-glam|dreamy-wildflower,2026-10-23 20:41,draft,
T0550,무드파인지 밈파인지\n하나만 고르기 애매한 사람들 꽤 많지 않나\n\n나는 둘 다 챙기는 타입이 제일 오래 본다고 봄,soft_cta,soft,no,no,,2026-10-24 11:41,draft,
T0551,잘 나온 얼굴을 만드는 것과\n다음 장면이 궁금하게 만드는 것은 다르더라\n\n이번엔 후자 쪽으로 조금 더 기울였다,before_after_recommended,none,no,yes,club-flash|rainy-crosswalk|red-carpet-glam,2026-10-24 16:33,draft,
T0552,나만 아직 안 해본 느낌\n이거 은근 밤에 세게 온다\n그래서 한번 보면 끝이 잘 안 남,soft_cta,soft,no,no,,2026-10-24 21:03,draft,
T0553,“또 AI 사진이네”에서 끝나기 싫어서\n첫 화면부터 결을 다르게 가져가봤음\n\n무슨 말인지 보려면 https://www.styledrop.cloud,direct_cta,direct,yes,yes,red-carpet-glam|maid-cafe-heart|skydiving,2026-10-25 12:17,draft,
T0554,이거 만들고 나서\n제일 많이 들은 말이\n생각보다 잘 나온다는 말이었음\n그 말이 꽤 반갑더라,text_only,none,no,no,,2026-10-25 17:01,draft,
T0555,AI 오디션 결과가\n괜히 더 궁금한 이유가 뭘까 했는데\n사람이 내 인상 평가받는 걸 은근 신경 쓰나 봄,image_recommended,none,no,yes,red-carpet-glam|dreamy-wildflower|datecam-film,2026-10-25 21:28,draft,
T0556,"몽골 전사, 우주비행사, 서부 총잡이\n셋 다 해봤는데\n이상하게 다 어울려서 더 웃김",text_only,none,no,no,,2026-10-26 11:34,draft,
T0557,내 사진이 감성 카드처럼 남으니까\n생각보다 오래 보게 되더라\n그냥 필터랑은 좀 다른 결이 있어,image_recommended,none,no,yes,datecam-film|ulzzang-cam|idol-photocard,2026-10-26 17:37,draft,
T0558,점심시간엔 무거운 것보다\n가볍게 눌렀다가 피식하는 게 좋잖아\n그 기분으로 만든 기능들이 몇 개 있음,soft_cta,soft,no,no,,2026-10-26 21:44,draft,
T0559,단톡방에 올리기 좋은 결과와\n스토리에 올리기 좋은 결과는 진짜 다르더라\n\n둘 중 어디에 더 올릴 것 같은지 궁금함,conversation,soft,no,no,,2026-10-27 11:37,draft,
T0560,한 장 넣었는데\n생각보다 내 분위기가 선명하게 잡혀서\n조금 신기했어,text_only,none,no,no,,2026-10-27 16:57,draft,
T0561,그냥 카드 몇 개만 훑어봐도\n이 서비스가 어느 방향인지 바로 감 잡힐 거야\n\nhttps://www.styledrop.cloud,direct_cta,direct,yes,yes,idol-photocard|dreamy-wildflower|red-carpet-glam,2026-10-27 21:56,draft,
T0562,1인 개발자라는 말\n평소엔 별 생각 없는데\n퇴근 시간쯤 되면 그게 좀 크게 느껴져\n누가 써준다는 게 더 고맙거든,conversation,none,no,no,,2026-10-28 10:59,draft,
T0563,AI 감독한테 심사받는 기능은\n처음엔 그냥 장난이었는데\n친구들이 제일 많이 얘기한 건 그거였어,text_only,none,no,no,,2026-10-28 16:36,draft,
T0564,누워서 휴대폰 보다가\n내 사진으로 다른 세계관의 나를 본다는 거\n생각보다 거부감 없고 꽤 재밌음,image_recommended,none,no,yes,idol-photocard|red-carpet-glam|dreamy-wildflower,2026-10-28 21:49,draft,
T0565,비슷한 무드 사진 몇 장 보면\n어느 순간 다 같은 서비스처럼 느껴질 때 있지\n\n그래서 이번엔 예쁘다보다\n궁금하다는 반응이 먼저 나오게 잡아봤다,text_only,none,no,no,,2026-10-29 12:23,draft,
T0566,사진 한 장인데도\n이상하게 지금의 기분까지 같이 바뀌는 순간이 있음\n그게 이 시간엔 더 크게 와 🌙\nhttps://www.styledrop.cloud/,before_after_recommended,direct,yes,yes,club-flash|rainy-crosswalk|red-carpet-glam,2026-10-29 17:53,draft,
T0567,퍼컬 진단 받으러 가기는 귀찮고\n그래도 대충 내 톤은 알고 싶고\n딱 그 사이 어딘가에서 만든 기능이야,text_only,none,no,no,,2026-10-29 22:27,draft,
T0568,퍼스널컬러 결과를 보고 있으면\n오늘 왜 유독 얼굴이 뜬 것 같았는지\n괜히 납득돼서 웃기더라,conversation,none,no,no,,2026-10-30 12:36,draft,
