template_id,post_text,category,cta_type,link_included,image_upload_recommended,recommended_styles,scheduled_at,status,quality_note
second_001,요즘 AI 사진은\n잘 나와도 금방 잊히는 경우가 많더라\n\n그래서 이번엔 결과 한 장보다\n다음 장면이 궁금해지는 흐름을 먼저 만들었음,text_only,none,no,no,,2026-04-24 10:05,draft,
first_001,점심 먹다가\n내 사진 넣어봤는데\n생각보다 결과가 너무 괜찮아서 좀 놀람\n혼자 만든 서비스라 첫 반응이 더 궁금해,image_recommended,none,no,yes,dreamy-wildflower|datecam-film|idol-photocard,2026-04-24 12:11,draft,
second_002,처음엔 퀄만 좋으면 될 줄 알았는데\n막상 오래 보는 건 다른 데 있더라\n\n사람들은 완성컷보다\n내 얼굴이 어디까지 바뀌는지에 더 오래 머묾,before_after_recommended,none,no,yes,rainy-crosswalk|club-flash|red-carpet-glam,2026-04-24 14:22,draft,
first_100,오늘 점심시간에\n내가 만든 서비스 한 번만 구경해줘도 좋고\n마음에 드는 컷 하나 건지면 더 좋고\n나는 그걸로 꽤 오래 기분 좋을 듯\nhttps://www.styledrop.cloud/,direct_cta,direct,yes,yes,idol-photocard|red-carpet-glam|dreamy-wildflower,2026-04-24 17:14,draft,
second_003,비슷한 무드 사진 몇 장 보면\n어느 순간 다 같은 서비스처럼 느껴질 때 있지\n\n그래서 이번엔 예쁘다보다\n궁금하다는 반응이 먼저 나오게 잡아봤다,text_only,none,no,no,,2026-04-24 19:28,draft,
first_200,퇴근 후 나를 다시 보고 싶은 사람에게\n이건 꽤 괜찮은 작은 놀이일지도 몰라\n내가 직접 만든 거라 더 많이 궁금하고\nhttps://www.styledrop.cloud/,direct_cta,direct,yes,yes,idol-photocard|red-carpet-glam|dreamy-wildflower,2026-04-24 21:06,draft,
second_004,AI 이미지 서비스 만들면서 제일 많이 들은 말이\n“처음엔 재밌는데 금방 질린다”였음\n\n그 말 듣고\n계속 눌러보게 되는 구조를 더 오래 붙잡게 됐음,text_only,soft,no,no,,2026-04-25 10:41,draft,
first_002,이거 약간 웃김\n내 얼굴이 우주비행사로 바뀌었는데\n낯선데 또 묘하게 잘 어울리더라\n점심시간에 한 번쯤 눌러보게 되는 타입,soft_cta,soft,no,yes,datecam-film|dreamy-celebratory|coquette-ribbon,2026-04-25 12:04,draft,
second_005,솔직히 나는\n완벽하게 나온 사진보다\n살짝 예상 밖으로 나온 결과가 더 기억에 남더라\n\n이번에도 그 느낌을 꽤 살려봤음,text_only,none,no,no,,2026-04-25 14:52,draft,
first_101,퇴근길엔 이상하게\n오늘 내가 어떤 얼굴로 하루를 살았는지 돌아보게 되더라\n그래서 이런 서비스까지 만들게 됐어,text_only,none,no,no,,2026-04-25 17:01,draft,
second_006,요즘은 기능 많은 서비스보다\n들어가자마자 감 오는 서비스가 더 세더라\n\n설명 읽기 전에\n손 먼저 가는 카드들을 만들고 싶었음,text_only,none,no,no,,2026-04-25 19:45,draft,
first_201,이 시간에 이런 거 보면 좀 위험해\n별 생각 없다가도\n나도 해볼까가 머릿속에 오래 남거든,soft_cta,soft,no,yes,datecam-film|dreamy-celebratory|coquette-ribbon,2026-04-25 21:37,draft,
second_007,예전엔 AI 사진을\n보정 툴처럼만 생각했는데\n\n만들다 보니\n이건 가볍게 노는 콘텐츠에 더 가깝다는 걸 알겠더라,before_after_recommended,soft,no,yes,rainy-crosswalk|club-flash|red-carpet-glam,2026-04-26 10:13,draft,
first_003,혼자 만들고 있는 서비스에\n내 셀카 넣어보다가\n괜히 저장까지 해버렸어\n필터보다 카드 느낌이라 더 남더라,text_only,none,no,no,,2026-04-26 12:28,draft,
second_008,필터형 서비스가 금방 비슷해지는 이유는\n결국 보는 장면이 비슷해서인 것 같았음\n\n그래서 아예 장면 자체를 바꾸는 쪽으로 방향을 틀었다,text_only,none,no,no,,2026-04-26 14:14,draft,
first_102,회사 끝나고 집 가는 길에\n거울보다가 문득 든 생각\n나를 다른 시선으로 보는 건 의외로 위로가 되네,text_only,none,no,no,,2026-04-26 17:06,draft,
second_009,사람들이 오래 머무는 포인트는\n생각보다 화질이나 디테일만은 아니더라\n\n“이 장면에 내가 들어가면 어떨까”\n이 상상이 붙는 순간이 더 컸음,text_only,none,no,no,,2026-04-26 19:39,draft,
first_202,밤에는 유독\n남들 프사 하나에도 시선이 오래 가잖아\n그래서 나도 그런 무드를 만드는 걸 해봤어,text_only,none,no,no,,2026-04-26 21:56,draft,
second_010,비슷한 결과물에 피로한 사람들 보면\n새 필터보다 새 상황을 더 재밌어하더라\n\n그래서 이번엔 얼굴보다 맥락을 먼저 설계했음,text_only,none,no,no,,2026-04-27 10:26,draft,
first_004,방금 밥 먹고 멍때리다가\n내가 만든 기능 다시 돌려봤는데\n몽골 전사 버전이 제일 웃기게 잘 나왔음\n이런 건 친구한테 바로 보여주게 돼,text_only,none,no,no,,2026-04-27 12:08,draft,
second_011,예쁜 결과를 만드는 것과\n재밌는 경험을 만드는 건 다르더라\n\n이번엔 전자보다 후자에 더 가까운 쪽으로 밀어봤음,before_after_recommended,none,no,yes,rainy-crosswalk|club-flash|red-carpet-glam,2026-04-27 14:17,draft,
first_103,디자인도 개발도 혼자 하다 보니까\n사람들이 어떤 표정으로 이걸 눌러볼지\n퇴근 시간쯤 되면 더 궁금해져,soft_cta,soft,no,yes,datecam-film|dreamy-celebratory|coquette-ribbon,2026-04-27 17:30,draft,
second_012,AI 사진 서비스가 다 비슷하게 느껴지는 건\n사실 결과보다 과정이 뻔해서일 수도 있음\n\n고르는 순간부터 재미가 붙어야 오래 가더라,text_only,none,no,no,,2026-04-27 19:21,draft,
first_203,혼자 작업하다가 올린 서비스인데\n유독 밤에 더 잘 어울리는 결과들이 있음\n조용히 보기 좋게 남아,image_recommended,none,no,yes,dreamy-wildflower|datecam-film|idol-photocard,2026-04-27 21:14,draft,
second_013,사진 결과가 좋다는 말보다\n“다른 것도 눌러보게 된다”는 말이 더 반갑더라\n\n서비스를 계속 보게 만드는 건\n결국 호기심이더라고,text_only,soft,no,no,,2026-04-28 10:33,draft,
first_005,사진 한 장으로 무드가 확 바뀌는 거\n생각보다 재밌더라 🙂\n나 혼자 디자인하고 붙인 서비스인데\n가볍게 한 번 눌러봐주면 진짜 고마움\nhttps://www.styledrop.cloud/,direct_cta,direct,yes,yes,idol-photocard|red-carpet-glam|dreamy-wildflower,2026-04-28 12:38,draft,
second_014,예전엔 잘 나온 한 장이 목표였고\n지금은 다음 카드로 넘어가게 만드는 게 목표임\n\n작아 보여도 체감 차이는 꽤 큼,before_after_recommended,none,no,yes,rainy-crosswalk|club-flash|red-carpet-glam,2026-04-28 14:48,draft,
first_104,하루 종일 남 일하다가\n집 가는 길엔 내 얘기 좀 보고 싶잖아\n그래서 나를 다시 보게 되는 기능들을 넣었어,text_only,none,no,no,,2026-04-28 17:39,draft,
second_015,무난하게 잘 나온 사진은 금방 지나가는데\n캐릭터 있는 장면은 은근 오래 남음\n\n그래서 이번엔 기억나는 쪽으로 조금 더 기울였다,text_only,none,no,no,,2026-04-28 19:58,draft,
first_204,낮엔 그냥 재밌었는데\n밤에 다시 보니까 괜히 마음에 들어서\n한 장 더 저장해둠,text_only,none,no,no,,2026-04-28 21:47,draft,
second_016,누가 봐도 예쁜 결과보다\n내 얼굴로 이 장면을 보면 어떨지 궁금한 결과가 더 셌음\n\n만들면서 그 차이를 계속 느꼈다,text_only,none,no,no,,2026-04-29 10:31,draft,
first_006,오늘 점심시간 순삭한 이유\n내 얼굴로 서부 총잡이 만들어보고\n혼자 피식했기 때문,text_only,none,no,no,,2026-04-29 12:34,draft,
second_017,기능 설명 길어지는 순간\n재미가 확 떨어지는 타입의 서비스가 있잖아\n\n이건 설명보다 바로 체감되는 쪽이 낫겠다 싶었음,text_only,none,no,no,,2026-04-29 14:00,draft,
first_105,퇴근길에 가볍게 해보면 좋겠다고 생각하면서 만든 서비스야\n셀카 한 장으로 분위기가 꽤 달라져\nhttps://www.styledrop.cloud/,direct_cta,direct,yes,yes,idol-photocard|red-carpet-glam|dreamy-wildflower,2026-04-29 17:44,draft,
second_018,서비스를 만들기 전엔\n얼굴이 얼마나 예쁘게 바뀌는지가 핵심이라 생각했음\n\n막상 만들고 보니\n사람들은 장면에 더 반응하더라,before_after_recommended,none,no,yes,rainy-crosswalk|club-flash|red-carpet-glam,2026-04-29 19:41,draft,
first_205,사진 한 장으로\n오늘의 나보다 조금 더 영화 같은 내가 나와\n이 시간엔 그게 더 크게 느껴져 🌙\nhttps://www.styledrop.cloud/,direct_cta,direct,yes,yes,idol-photocard|red-carpet-glam|dreamy-wildflower,2026-04-29 21:43,draft,
second_019,“AI 사진 또 하나 나왔네”로 끝나면\n아무리 잘 만들어도 오래 못 간다고 봤음\n\n그래서 첫 인상을 다르게 주는 데 시간을 많이 썼다,text_only,none,no,no,,2026-04-30 10:33,draft,
first_007,분명 내 사진인데\n결과물은 약간 영화 포스터 같아서\n좀 신기했어\n내가 만든 건데도 계속 다시 보게 됨,image_recommended,none,no,yes,dreamy-wildflower|datecam-film|idol-photocard,2026-04-30 12:18,draft,
second_020,나는 요즘\n사진 퀄보다 반응 포인트가 있는지가 더 중요해졌음\n\n혼자 보고 끝나는 결과보다\n누가 떠오르는 결과가 더 세더라,text_only,none,no,no,,2026-04-30 14:44,draft,
first_106,오늘도 에너지 다 쓰고 나니까\n괜히 나한테 조금 더 신경 쓰고 싶어지더라\n이럴 때 보면 좋은 쪽으로 만들었어,text_only,none,no,no,,2026-04-30 17:27,draft,
second_021,결과물만 잘 뽑아주는 앱은 많아도\n구경하는 재미까지 주는 쪽은 많지 않더라\n\n그 미묘한 차이를 계속 붙들고 만들었음,text_only,none,no,no,,2026-04-30 19:02,draft,
first_206,나만 아직 이런 거 안 해본 느낌 들 때 있잖아\n밤에 보면 특히 더 그래\n그래서 더 눌러보게 됨,soft_cta,soft,no,yes,datecam-film|dreamy-celebratory|coquette-ribbon,2026-04-30 21:33,draft,
second_022,전엔 AI 사진을\n한 번 생성하고 저장하는 걸로 끝냈다면\n\n지금은 하나 만들고\n옆 카드까지 자연스럽게 보게 되는 흐름을 더 신경 씀,before_after_recommended,none,no,yes,rainy-crosswalk|club-flash|red-carpet-glam,2026-05-01 10:37,draft,
first_008,퍼스널컬러 진단 미루는 사람이라\n아예 사진으로 먼저 보게 붙여봤어\n이런 건 점심시간 3분 체험용으로 딱이더라,soft_cta,soft,no,yes,datecam-film|dreamy-celebratory|coquette-ribbon,2026-05-01 12:42,draft,
second_023,사람들이 좋아하는 건\n언제나 고퀄 결과물일 줄 알았는데\n\n의외로 “이거 좀 궁금한데”가 훨씬 강하게 먹히더라,text_only,none,no,no,,2026-05-01 14:37,draft,
first_107,낮엔 그냥 재밌었는데\n퇴근하고 다시 보니까 결과가 다르게 읽히더라\n밤 되기 전 감성이 살짝 올라오는 시간이라 그런가,image_recommended,none,no,yes,dreamy-wildflower|datecam-film|idol-photocard,2026-05-01 17:14,draft,
second_024,서비스 만드는 입장에서 제일 재미있는 순간은\n예쁘다는 반응보다 웃으면서 다시 누르는 순간임\n\n그 반응이 나오면 방향이 맞았다는 뜻이더라,text_only,none,no,no,,2026-05-01 19:12,draft,
first_207,다들 자기만의 분위기 한 장씩은 갖고 있는 것 같은데\n나는 왜 아직 평범한 셀카뿐이지 싶어서 만들었어\n그리고 나부터 바로 써봄,text_only,none,no,no,,2026-05-01 21:26,draft,
second_025,뻔한 필터 하나 더 추가하는 식으로 가면\n결국 금방 닫히겠다는 생각이 들었음\n\n그래서 장면마다 아예 성격을 다르게 잡아봤다,text_only,none,no,no,,2026-05-02 10:03,draft,
first_009,혼자 만드는 서비스라\n별거 아닌 클릭 하나도 크게 느껴짐\n근데 이건 진짜 재미로 보기 좋아서\n점심에 가볍게 눌러보면 될 듯,soft_cta,soft,no,yes,datecam-film|dreamy-celebratory|coquette-ribbon,2026-05-02 12:44,draft,
second_026,결과를 보기 전에 설레는 서비스와\n보고 나서만 반응하는 서비스는 꽤 다르더라\n\n이번엔 전자에 더 가깝게 만들고 싶었음,before_after_recommended,none,no,yes,rainy-crosswalk|club-flash|red-carpet-glam,2026-05-02 14:15,draft,
first_108,1인 개발자라는 말\n평소엔 별 생각 없는데\n퇴근 시간쯤 되면 그게 좀 크게 느껴져\n누가 써준다는 게 더 고맙거든,text_only,none,no,no,,2026-05-02 17:57,draft,
second_027,보기 좋은 결과만 쌓이면\n결국 하나의 톤으로 굳어버리는 느낌이 있었음\n\n그래서 일부러 결이 다른 장면들을 섞어놨다,text_only,none,no,no,,2026-05-02 19:05,draft,
first_208,밤에는 괜히\n내가 보는 나보다 남이 보는 내가 더 궁금해져\n그 마음으로 만든 기능도 있어,text_only,none,no,no,,2026-05-02 21:22,draft,
second_028,사람들이 오래 본다는 건\n대단한 기능보다 가벼운 반복이 잘 된다는 뜻 같음\n\nStyleDrop도 그 반복 감각을 많이 보면서 다듬었음,text_only,none,no,no,,2026-05-03 10:29,draft,
first_010,사진 한 장 올렸더니\n감성 카드처럼 뽑히는 게 꽤 괜찮아서\n나도 모르게 몇 장 더 해봄\nhttps://www.styledrop.cloud/,direct_cta,direct,yes,yes,idol-photocard|red-carpet-glam|dreamy-wildflower,2026-05-03 12:52,draft,
second_029,새로운 AI 서비스라도\n첫 화면에서 지루하면 거기서 끝이더라\n\n그래서 들어오자마자 고를 맛이 있게 만드는 데 집중했음,text_only,none,no,no,,2026-05-03 14:17,draft,
first_109,회사에서 기 다 빨리고 나면\n뭔가 대단한 위로보다\n그냥 다른 무드의 나를 보는 게 더 낫더라,text_only,none,no,no,,2026-05-03 17:24,draft,
second_030,만들기 전엔\n결과 저장이 중요할 줄 알았고\n\n만든 뒤엔\n첫 클릭이 훨씬 중요하다는 걸 알게 됐음,before_after_recommended,soft,no,yes,rainy-crosswalk|club-flash|red-carpet-glam,2026-05-03 19:48,draft,
first_209,혼자 만든 서비스라서 그런지\n새벽 가까워질수록 반응이 더 신경 쓰여\n누가 조용히 해보고 갔을까 싶고,text_only,none,no,no,,2026-05-03 21:19,draft,
second_031,나만 그런지 모르겠는데\n멋진 결과보다 장난스럽게 잘 나온 결과를 더 자주 다시 보게 됨\n\n이런 취향 가진 사람은 꽤 공감할 듯,soft_cta,none,no,yes,datecam-film|dreamy-celebratory|coquette-ribbon,2026-05-04 10:30,draft,
first_011,막 엄청 진지한 건 아닌데\n그래서 더 눌러보게 되는 기능들 있잖아\n이건 좀 그런 쪽으로 만들어봤어,soft_cta,soft,no,yes,datecam-film|dreamy-celebratory|coquette-ribbon,2026-05-04 12:53,draft,
second_032,친구 보여줬을 때\n설명 없이 바로 반응 오는 결과가 있더라\n\n이번엔 그쪽 감도를 더 챙겨봤음\n저장해뒀다가 나중에 다시 봐도 괜찮을 듯,soft_cta,none,no,yes,datecam-film|dreamy-celebratory|coquette-ribbon,2026-05-04 14:24,draft,
first_110,내가 만든 서비스인데도\n퇴근길 버스 안에서 다시 켜보게 됨\n오늘 얼굴은 또 다르게 보이니까 🙂\nhttps://www.styledrop.cloud/,direct_cta,direct,yes,yes,idol-photocard|red-carpet-glam|dreamy-wildflower,2026-05-04 17:56,draft,
second_033,잘 만든 서비스보다\n괜히 한 번 더 들어가 보는 서비스가 더 어렵더라\n\n그래서 순간 재미가 끊기지 않게 많이 만졌음\n이런 포인트 좋아하면 기억해둬도 좋음,soft_cta,none,no,yes,datecam-film|dreamy-celebratory|coquette-ribbon,2026-05-04 19:10,draft,
first_210,이 시간엔 작은 FOMO가 제일 무섭다\n나도 하나쯤은 있어야 할 것 같은 기분\n그걸 정확히 건드리는 결과가 뜸 😶\nhttps://www.styledrop.cloud/,direct_cta,direct,yes,yes,idol-photocard|red-carpet-glam|dreamy-wildflower,2026-05-04 21:11,draft,
second_034,다들 AI 사진 볼 때\n퀄 먼저 보는 편인지 장면 먼저 보는 편인지 궁금함\n\n나는 후자가 훨씬 오래 간다고 느꼈다,soft_cta,none,no,yes,datecam-film|dreamy-celebratory|coquette-ribbon,2026-05-05 10:50,draft,
first_012,내 얼굴을 AI 감독이 심사해주는 기능 넣었는데\n솔직히 만들면서도 웃겼거든\n근데 막상 돌리면 결과 기다리게 됨,image_recommended,none,no,yes,dreamy-wildflower|datecam-film|idol-photocard,2026-05-05 12:34,draft,
second_035,무난한 결과는 안전하지만\n기억에는 잘 안 남는 경우가 많더라\n\n그래서 이번엔 살짝 더 캐릭터 있는 쪽으로 갔음\n공감되면 저장해놔도 괜찮음,soft_cta,none,no,yes,datecam-film|dreamy-celebratory|coquette-ribbon,2026-05-05 14:35,draft,
first_111,오늘 하루 별거 없었다 싶어도\n사진 한 장으로 분위기가 바뀌면\n이상하게 기분이 좀 정리돼,image_recommended,none,no,yes,dreamy-wildflower|datecam-film|idol-photocard,2026-05-05 17:19,draft,
second_036,혼자 감탄하는 결과보다\n누군가 떠오르는 결과가 더 강하더라\n\n그래서 보는 순간 친구 생각나는 카드들을 꽤 의식했다,soft_cta,none,no,yes,datecam-film|dreamy-celebratory|coquette-ribbon,2026-05-05 19:00,draft,
first_211,밤에 누워서 이런 거 보면\n괜히 셀카첩 뒤적이게 돼\n제일 잘 나온 사진 찾으려고,image_recommended,none,no,yes,dreamy-wildflower|datecam-film|idol-photocard,2026-05-05 21:23,draft,
second_037,사람들이 오래 머무는 이유를 보면\n기능이 많아서가 아니라 생각보다 진입이 가벼워서더라\n\n복잡한 거 싫어하는 사람일수록 잘 맞을 수 있음,soft_cta,none,no,yes,datecam-film|dreamy-celebratory|coquette-ribbon,2026-05-06 10:58,draft,
first_013,점심 먹고 졸릴 때\n이런 거 하나 있으면 좀 깸\n내 사진이 갑자기 다른 세계관 사람이 돼버림,image_recommended,none,no,yes,dreamy-wildflower|datecam-film|idol-photocard,2026-05-06 12:47,draft,
second_038,결과가 예쁜 건 기본이고\n나는 요즘 그다음 이야기가 생기는지가 더 중요해졌음\n\n다들 서비스 볼 때 이런 포인트도 보나 궁금하다,soft_cta,none,no,yes,datecam-film|dreamy-celebratory|coquette-ribbon,2026-05-06 14:51,draft,
first_112,AI 프로필 기능 넣은 이유도 비슷해\n남들 보여주기보다\n내가 나를 새롭게 보는 쪽이 더 컸어,text_only,none,no,no,,2026-05-06 17:16,draft,
second_039,AI 사진 서비스가 빨리 닫히는 이유 중 하나는\n다음 행동이 안 생겨서인 것 같음\n\n그래서 다른 카드까지 이어지는 흐름을 계속 보게 됐음,soft_cta,none,no,yes,datecam-film|dreamy-celebratory|coquette-ribbon,2026-05-06 19:34,draft,
first_212,내 얼굴이 감성 카드처럼 정리돼 나오는 순간\n이상하게 내가 조금 더 선명해 보이더라\n밤이라 그런가 싶기도 하고,text_only,none,no,no,,2026-05-06 21:45,draft,
second_040,괜히 단톡방에 올리고 싶은 결과는 따로 있더라\n\n이번엔 너무 잘 만든 느낌보다\n반응하기 쉬운 느낌을 더 신경 썼음\n이런 방향 좋아하면 봐둬도 좋음,soft_cta,none,no,yes,datecam-film|dreamy-celebratory|coquette-ribbon,2026-05-07 10:04,draft,
first_014,혼자 디자인하고 개발하다 보니까\n예쁜 것보다 먼저\n한 번 더 눌러보게 되는지가 중요하더라\n그래서 재밌는 쪽으로 많이 만졌어,soft_cta,soft,no,yes,datecam-film|dreamy-celebratory|coquette-ribbon,2026-05-07 12:10,draft,
second_041,잘 나온 사진이 필요할 때도 있지만\n가볍게 놀고 싶을 때는 다른 기준이 생기더라\n\n그럴 때 보는 서비스로 만들고 싶었다,soft_cta,soft,no,yes,datecam-film|dreamy-celebratory|coquette-ribbon,2026-05-07 14:55,draft,
first_113,퇴근 시간엔 친구한테\n이거 해봐 한 마디 보내고 싶은 서비스가 좋잖아\n그 느낌을 만들고 싶었어,soft_cta,soft,no,yes,datecam-film|dreamy-celebratory|coquette-ribbon,2026-05-07 17:16,draft,
second_042,무드 있는 결과가 좋은지\n웃긴 결과가 더 좋은지\n은근 취향 갈리는 포인트 같음\n\n나는 둘 다 있어야 오래 간다고 봄,soft_cta,none,no,yes,datecam-film|dreamy-celebratory|coquette-ribbon,2026-05-07 19:00,draft,
first_213,AI 프로필은 낮보다 밤에 더 강한 것 같아\n프사 바꾸고 싶은 충동이 이 시간에 제일 세짐,text_only,none,no,no,,2026-05-07 21:28,draft,
second_043,재미는 있는데 귀찮으면 안 하게 되고\n쉬운데 뻔하면 또 금방 떠나더라\n\n그 중간 지점을 맞추는 게 제일 어렵더라고,soft_cta,none,no,yes,datecam-film|dreamy-celebratory|coquette-ribbon,2026-05-08 10:26,draft,
first_015,내가 보는 나랑\n남이 느끼는 분위기가 다를 때 있잖아\n그 궁금증 때문에 만든 기능도 있음 👀\nhttps://www.styledrop.cloud/,direct_cta,direct,yes,yes,idol-photocard|red-carpet-glam|dreamy-wildflower,2026-05-08 12:18,draft,
second_044,누가 먼저 링크 보내기 전에\n내가 먼저 보내고 싶은 서비스가 의외로 별로 없음\n\n이번엔 그런 쪽 반응이 나오면 좋겠다 싶어서 만들었음,soft_cta,none,no,yes,datecam-film|dreamy-celebratory|coquette-ribbon,2026-05-08 14:52,draft,
first_114,혼자 만든 화면 위로\n누군가의 얼굴이 다른 무드로 떠오를 때\n그 장면을 상상하면 아직도 조금 떨림,image_recommended,none,no,yes,dreamy-wildflower|datecam-film|idol-photocard,2026-05-08 17:17,draft,
second_045,생각보다 사람들은\n“완성도 높네”보다 “재밌네”에 더 빨리 반응하더라\n\n이 차이를 알고 나니까 만드는 기준도 꽤 달라졌음,soft_cta,none,no,yes,datecam-film|dreamy-celebratory|coquette-ribbon,2026-05-08 19:52,draft,
first_214,혼자 작업하다 문득\n아 이건 누가 밤에 보면 해보고 싶겠는데\n싶었던 기능들이 있어\n결과도 좀 그런 쪽으로 나옴,image_recommended,none,no,yes,dreamy-wildflower|datecam-film|idol-photocard,2026-05-08 21:59,draft,
second_046,다들 요즘 AI 서비스에서\n무거운 기능보다 가벼운 재미를 더 찾는 편인지 궁금함\n\n나는 확실히 그쪽으로 체감이 옮겨갔다,soft_cta,none,no,yes,datecam-film|dreamy-celebratory|coquette-ribbon,2026-05-09 10:42,draft,
first_016,아까 테스트하다가\n내 얼굴이 생각보다 진지한 프로필처럼 나와서\n조금 당황했음\n프사 바꾸고 싶어질 정도였어,text_only,none,no,no,,2026-05-09 12:45,draft,
second_047,필터처럼 소비되는 결과는 금방 잊히는데\n장면 자체가 재밌으면 다시 생각나더라\n\n그래서 결과보다 설정을 더 오래 붙들고 만들었음,soft_cta,none,no,yes,datecam-film|dreamy-celebratory|coquette-ribbon,2026-05-09 14:50,draft,
first_115,오늘따라 내가 좀 무채색 같으면\n이런 걸로 다른 결의 나를 보는 것도 괜찮더라 ✨\nhttps://www.styledrop.cloud/,direct_cta,direct,yes,yes,idol-photocard|red-carpet-glam|dreamy-wildflower,2026-05-09 17:29,draft,
second_048,나중에 다시 보는 결과는\n대체로 누가 반응했던 결과더라\n\n혼자 보기에 좋은 컷과\n보여주기 좋은 컷은 정말 다름,soft_cta,none,no,yes,datecam-film|dreamy-celebratory|coquette-ribbon,2026-05-09 19:21,draft,
first_215,불 끄고 누워서 보다가\n갑자기 사진 한 장 올리게 되는 서비스\n대충 그런 결로 만들었어 👀\nhttps://www.styledrop.cloud/,direct_cta,direct,yes,yes,idol-photocard|red-carpet-glam|dreamy-wildflower,2026-05-09 21:50,draft,
second_049,한 번 해보고 끝나는 서비스는\n기억엔 남아도 습관은 안 되더라\n\n이번엔 적어도 옆 카드 하나는 더 궁금해지게 만드는 걸 노렸음,soft_cta,none,no,yes,datecam-film|dreamy-celebratory|coquette-ribbon,2026-05-10 10:58,draft,
first_017,이거 그냥 필터 아니고\n묘하게 저장하고 싶은 한 장이 남더라\n그래서 점심에 몇 번씩 눌러보게 됨,soft_cta,soft,no,yes,datecam-film|dreamy-celebratory|coquette-ribbon,2026-05-10 12:35,draft,
second_050,결과 하나로 끝나는 게 좋은지\n고르는 순간부터 재미가 있어야 하는지\n\n나는 완전히 후자 쪽이더라\n이런 취향 꽤 많을 것 같음,soft_cta,none,no,yes,datecam-film|dreamy-celebratory|coquette-ribbon,2026-05-10 14:56,draft,
first_116,퇴근길엔 자꾸\n내가 보는 나랑 남이 보는 내가 얼마나 다른지 궁금해져\n그래서 그 기능도 결국 넣었어,text_only,none,no,no,,2026-05-10 17:09,draft,
second_051,비슷비슷한 결과에 피로한 사람한텐\n작은 차이보다 큰 장면 전환이 더 잘 먹히더라\n\n그래서 아예 결이 다른 카드들을 한데 묶어봤음,soft_cta,none,no,yes,datecam-film|dreamy-celebratory|coquette-ribbon,2026-05-10 19:36,draft,
first_216,밤엔 사소한 말도 오래 남고\n사소한 이미지도 자꾸 생각나잖아\n그래서 결과물의 여운을 많이 신경 썼어,image_recommended,none,no,yes,dreamy-wildflower|datecam-film|idol-photocard,2026-05-10 21:47,draft,
second_052,결과가 잘 나왔다는 말보다\n친구가 자기 사진으로도 해봤다는 말이 더 반갑더라\n\n혼자 끝나지 않는 구조를 만들고 싶었던 이유도 그거였음,soft_cta,none,no,yes,datecam-film|dreamy-celebratory|coquette-ribbon,2026-05-11 10:21,draft,
first_018,한 장 올리면 끝나는 타입이라\n귀찮은 거 싫어하는 사람도 괜찮을 듯\n나도 귀찮은 거 싫어서 그렇게 만들었음,text_only,none,no,no,,2026-05-11 12:49,draft,
second_053,서비스가 오래 보이려면\n설명보다 체감이 먼저 와야 하더라\n\n그래서 카드 제목만 봐도 상상되게 하는 데 시간을 많이 썼음,soft_cta,none,no,yes,datecam-film|dreamy-celebratory|coquette-ribbon,2026-05-11 14:35,draft,
first_117,사실 제일 듣고 싶은 말은 그거야\n어 이거 생각보다 재밌네\n그 한마디가 혼자 만드는 사람한텐 엄청 크더라,text_only,none,no,no,,2026-05-11 17:54,draft,
second_054,나는 요즘\n너무 깔끔한 결과보다 살짝 의외성 있는 결과가 더 좋음\n\n다들 비슷한지 은근 궁금하네,soft_cta,none,no,yes,datecam-film|dreamy-celebratory|coquette-ribbon,2026-05-11 19:36,draft,
first_217,내가 보는 너 기능은\n이 시간에 보면 특히 위험함\n괜히 내 주변 사람들 생각이 길어지거든,text_only,none,no,no,,2026-05-11 21:48,draft,
second_055,좋은 기능이 있어도\n첫 반응이 밋밋하면 체감이 약하더라\n\n이번엔 보는 순간 감이 오게 하려고 꽤 많이 덜어냈음,soft_cta,none,no,yes,datecam-film|dreamy-celebratory|coquette-ribbon,2026-05-12 10:01,draft,
first_019,무료로 열어둔 건데\n반응이 너무 궁금해서 자꾸 들여다보게 된다\n가볍게 구경만 해줘도 큰 도움 됨,soft_cta,soft,no,yes,datecam-film|dreamy-celebratory|coquette-ribbon,2026-05-12 12:16,draft,
second_056,재밌는 서비스는\n혼자 보기 아까운 순간이 꼭 생기더라\n\nStyleDrop도 그 감각을 놓치지 않으려고 했다,soft_cta,none,no,yes,datecam-film|dreamy-celebratory|coquette-ribbon,2026-05-12 14:33,draft,
first_118,하루 종일 일하고 나면\n나를 예쁘게 꾸미는 것보다\n나를 재미있게 다시 보고 싶어질 때가 있어,text_only,none,no,no,,2026-05-12 17:09,draft,
second_057,나는 요즘\n사진 보정처럼 쓰는 앱보다 가볍게 체험하는 앱에 더 손이 감\n\n그 취향으로 만든 서비스라 비슷한 사람은 잘 맞을 듯,soft_cta,soft,no,yes,datecam-film|dreamy-celebratory|coquette-ribbon,2026-05-12 19:19,draft,
first_218,나도 원래 이런 거 후딱 보고 넘기는데\n밤에 뜬 결과는 이상하게 몇 번 더 보게 되더라\n그게 좀 묘했어,image_recommended,none,no,yes,dreamy-wildflower|datecam-film|idol-photocard,2026-05-12 21:51,draft,
second_058,AI 결과 볼 때\n자연스러움이 중요한지 재미가 중요한지\n정말 사람마다 다르더라\n\n나는 둘 중 하나 고르라면 요즘은 재미 쪽,soft_cta,none,no,yes,datecam-film|dreamy-celebratory|coquette-ribbon,2026-05-13 10:15,draft,
first_020,내 얼굴로 AI 프로필 뽑아봤는데\n예상보다 훨씬 덜 민망하고\n훨씬 더 잘 나왔어 😶\nhttps://www.styledrop.cloud/,direct_cta,direct,yes,yes,idol-photocard|red-carpet-glam|dreamy-wildflower,2026-05-13 12:03,draft,
second_059,좋은 결과는 남지만\n좋은 경험은 다시 오게 하더라\n\n그래서 이번엔 결과보다 경험 쪽을 더 많이 다듬었음,soft_cta,none,no,yes,datecam-film|dreamy-celebratory|coquette-ribbon,2026-05-13 14:02,draft,
first_119,퍼스널컬러 결과를 보고 있으면\n오늘 왜 유독 얼굴이 뜬 것 같았는지\n괜히 납득돼서 웃기더라,image_recommended,none,no,yes,dreamy-wildflower|datecam-film|idol-photocard,2026-05-13 17:22,draft,
second_060,의외로 사람들이 기억하는 건\n화질보다 장면 이름인 경우가 많더라\n\n카드 제목만 보고 웃거나 상상하면 이미 반은 된 느낌,soft_cta,none,no,yes,datecam-film|dreamy-celebratory|coquette-ribbon,2026-05-13 19:46,draft,
first_219,혼자 만드는 서비스의 밤은\n기대 반 민망함 반이야\n그래도 누가 재밌게 써주면 그걸로 충분함,text_only,none,no,no,,2026-05-13 21:19,draft,
second_061,하나 잘 나온 결과보다\n여러 번 눌러보게 되는 흐름을 만드는 게 훨씬 어렵더라\n\n그래서 오히려 더 집착하게 됐음,soft_cta,soft,no,yes,datecam-film|dreamy-celebratory|coquette-ribbon,2026-05-14 10:04,draft,
first_021,점심시간마다 괜히\n뭔가 새 거 눌러보고 싶을 때 있잖아\n이건 그 용도로 꽤 괜찮을지도,soft_cta,soft,no,yes,datecam-film|dreamy-celebratory|coquette-ribbon,2026-05-14 12:39,draft,
second_062,다들 AI 사진 서비스에서\n가장 오래 기억나는 순간이 뭔지 궁금함\n\n나는 결과보다 고르던 순간이 기억에 더 남더라,soft_cta,none,no,yes,datecam-film|dreamy-celebratory|coquette-ribbon,2026-05-14 14:05,draft,
first_120,퇴근하고 나면 이상하게\n재미보다 감정이 먼저 들어오잖아\n그래서 이 시간대 글은 조금 다르게 쓰게 된다\nhttps://www.styledrop.cloud/,direct_cta,direct,yes,yes,idol-photocard|red-carpet-glam|dreamy-wildflower,2026-05-14 17:28,draft,
second_063,심심풀이처럼 시작했다가\n의외로 한두 장 더 보게 되는 서비스가 있잖아\n\n이번엔 딱 그 정도 밀도의 재미를 원했음,soft_cta,none,no,yes,datecam-film|dreamy-celebratory|coquette-ribbon,2026-05-14 19:16,draft,
first_220,사진 한 장으로\n나라는 사람의 무드가 달라 보이는 순간\n괜히 나만 뒤처진 것 같던 기분이 좀 사라짐 ✨\nhttps://www.styledrop.cloud/,direct_cta,direct,yes,yes,idol-photocard|red-carpet-glam|dreamy-wildflower,2026-05-14 21:01,draft,
second_064,혼자 볼 땐 몰랐는데\n누가 옆에서 같이 보면 갑자기 더 재밌어지는 결과들이 있더라\n\n그래서 공유성도 꽤 크게 봤다,soft_cta,none,no,yes,datecam-film|dreamy-celebratory|coquette-ribbon,2026-05-15 10:35,draft,
first_022,내가 만든 서비스인데도\n결과물 뜰 때마다 약간 남의 일처럼 재밌음\n그만큼 결과가 제각각이더라,image_recommended,none,no,yes,dreamy-wildflower|datecam-film|idol-photocard,2026-05-15 12:58,draft,
second_065,처음부터 너무 많은 걸 설명하면\n사람이 아니라 기능만 남는 느낌이 있음\n\n이번엔 그냥 보면서 감 잡는 쪽이 더 맞다고 봤음,soft_cta,none,no,yes,datecam-film|dreamy-celebratory|coquette-ribbon,2026-05-15 14:08,draft,
first_121,오늘 사람 너무 많이 만나서 지쳤는데\n집 가는 길에 내 얼굴로 다른 카드 몇 장 뽑아보니까\n생각보다 마음이 좀 풀리더라,text_only,none,no,no,,2026-05-15 17:59,draft,
second_066,이상하게도\n살짝 웃긴 결과는 저장은 안 해도 기억은 더 오래 남음\n\n이 포인트 공감하는 사람 은근 많을 것 같다,soft_cta,none,no,yes,datecam-film|dreamy-celebratory|coquette-ribbon,2026-05-15 19:04,draft,
first_221,요즘 다들 무드 있는 프사 하나쯤은 있잖아\n밤에 그걸 보면 유독 더 부러워져\n그래서 직접 만들어봤어,text_only,none,no,no,,2026-05-15 21:30,draft,
second_067,AI 사진이 다 비슷하게 느껴질 때는\n결과보다 장면을 먼저 보면 감이 달라짐\n\n내가 요즘 밀고 있는 방향이 딱 그쪽임\nstyledrop.cloud,direct_cta,none,yes,yes,idol-photocard|red-carpet-glam|dreamy-wildflower,2026-05-16 10:11,draft,
first_023,셀카는 넘치는데\n남는 건 별로 없다고 느껴서\n카드처럼 간직되는 쪽으로 만들어봤어,text_only,none,no,no,,2026-05-16 12:42,draft,
second_068,예쁜 결과 하나보다\n다음 카드가 궁금한 서비스가 더 오래 남더라\n\n그래서 그 흐름에 집중해서 만들었음\n궁금하면 styledrop.cloud,direct_cta,none,yes,yes,idol-photocard|red-carpet-glam|dreamy-wildflower,2026-05-16 14:07,draft,
first_122,나도 원래 이런 말 잘 못 하는데\n혼자 만든 서비스라 더 애착이 감\n그래서 가볍게라도 써줘 보면 진짜 고마워,soft_cta,soft,no,yes,datecam-film|dreamy-celebratory|coquette-ribbon,2026-05-16 17:56,draft,
second_069,혼자 보기보다\n친구한테 보여주고 싶은 결과가 더 강할 때가 있음\n\n그쪽 반응 좋아하면 아마 바로 감 올 거야\nstyledrop.cloud,direct_cta,none,yes,yes,idol-photocard|red-carpet-glam|dreamy-wildflower,2026-05-16 19:04,draft,
first_222,이 시간대엔\n예쁘다보다 분위기 있다가 더 크게 들려\n그래서 결과 톤도 그렇게 잡아봤어,image_recommended,none,no,yes,dreamy-wildflower|datecam-film|idol-photocard,2026-05-16 21:11,draft,
second_070,보정앱처럼 쓰는 느낌보다\n가볍게 장면 체험하는 느낌에 더 가깝게 잡았음\n\n이 차이가 궁금하면 여기서 몇 개만 봐도 됨\nstyledrop.cloud,before_after_recommended,soft,yes,yes,rainy-crosswalk|club-flash|red-carpet-glam,2026-05-17 10:00,draft,
first_024,분위기만 바뀌어도\n사람이 완전 달라 보이더라\n이거 만들면서 제일 재밌었던 부분이 그거였음,text_only,none,no,no,,2026-05-17 12:06,draft,
second_071,구경만 해도 손이 가는 카드가 있으면\n서비스 체감이 완전히 달라지더라\n\n그 지점을 만들어보려고 꽤 오래 만졌음\nstyledrop.cloud,direct_cta,none,yes,yes,idol-photocard|red-carpet-glam|dreamy-wildflower,2026-05-17 14:18,draft,
first_123,퇴근길에 내 사진 보다가\n아 오늘 너무 무난하게 살았나 싶으면\n다른 스타일로 한 번 바꿔보는 재미가 있어,image_recommended,none,no,yes,dreamy-wildflower|datecam-film|idol-photocard,2026-05-17 17:16,draft,
second_072,“또 AI 사진이네”에서 끝나기 싫어서\n첫 화면부터 결을 다르게 가져가봤음\n\n무슨 말인지 보려면 styledrop.cloud,direct_cta,none,yes,yes,idol-photocard|red-carpet-glam|dreamy-wildflower,2026-05-17 19:28,draft,
first_223,서부 총잡이든 우주비행사든\n밤에 보면 장난보다 무드가 먼저 들어와\n그 차이가 재밌더라,text_only,none,no,no,,2026-05-17 21:39,draft,
second_073,가끔은 결과 퀄보다\n누가 먼저 떠오르는지가 더 중요할 때가 있더라\n\n그런 결과 좋아하면 한 번 봐도 재밌을 듯\nstyledrop.cloud,direct_cta,none,yes,yes,idol-photocard|red-carpet-glam|dreamy-wildflower,2026-05-18 10:46,draft,
first_025,점심시간에 잠깐 해봤다가\n생각보다 오래 붙잡고 있게 되는 타입\n한 장으로 끝날 줄 알았는데 아니더라\nhttps://www.styledrop.cloud/,direct_cta,direct,yes,yes,idol-photocard|red-carpet-glam|dreamy-wildflower,2026-05-18 12:21,draft,
second_074,처음엔 잘 나온 한 장이 목표였는데\n지금은 다시 들어오게 만드는 게 더 중요해졌음\n\n그 차이를 담아둔 쪽이 여기임\nstyledrop.cloud,before_after_recommended,none,yes,yes,rainy-crosswalk|club-flash|red-carpet-glam,2026-05-18 14:12,draft,
first_124,이건 뭔가 자랑보다\n내가 만든 거 한 번 같이 놀아달라는 말에 가까워\n친구한테 보내기 좋은 쪽으로 만들었고,text_only,none,no,no,,2026-05-18 17:14,draft,
second_075,요즘은 예쁜 사진보다\n재밌는 장면이 더 오래 남는다고 느낀다\n\n비슷한 취향이면 이쪽이 맞을 수 있음\nstyledrop.cloud,direct_cta,none,yes,yes,idol-photocard|red-carpet-glam|dreamy-wildflower,2026-05-18 19:01,draft,
first_224,혼자 만든 서비스라고 말하면\n괜히 더 작게 보일까 걱정도 되는데\n그래도 써본 사람 반응이 그걸 덮어주더라,text_only,none,no,no,,2026-05-18 21:44,draft,
second_076,내 얼굴이 비 오는 횡단보도 안에 들어가면\n어떤 무드가 나올지 상상해본 적 있나\n\n이런 질문 하나가 생각보다 오래 남더라,text_only,none,no,no,,2026-05-19 10:58,draft,
first_026,퍼컬 진단 받으러 가기는 귀찮고\n그래도 대충 내 톤은 알고 싶고\n딱 그 사이 어딘가에서 만든 기능이야,text_only,none,no,no,,2026-05-19 12:43,draft,
second_077,카드 이름만 봤는데\n이미 결과가 궁금해지는 순간이 있음\n\n그때 사람 손이 제일 빠르게 움직이더라,text_only,none,no,no,,2026-05-19 14:23,draft,
first_125,회사 끝나고 지친 얼굴로 찍은 사진도\n생각보다 분위기 있게 바뀌더라\n그게 좀 위로였어\nhttps://www.styledrop.cloud/,direct_cta,direct,yes,yes,idol-photocard|red-carpet-glam|dreamy-wildflower,2026-05-19 17:22,draft,
second_078,잘 나온 결과보다\n보기 전 기대감이 더 큰 서비스가 의외로 드물더라\n\n이번엔 그 앞단 감정을 더 많이 신경 썼음,text_only,none,no,no,,2026-05-19 19:26,draft,
first_225,나도 딱 그랬어\n하나만 해보고 자야지 했다가\n몇 장 더 돌리고 있었음 🌙\nhttps://www.styledrop.cloud/,direct_cta,direct,yes,yes,idol-photocard|red-carpet-glam|dreamy-wildflower,2026-05-19 21:27,draft,
second_079,눈 내리는 밤에 선 내 얼굴과\n인형뽑기 기계 안에 들어간 내 얼굴은\n분명 완전히 다른 느낌일 텐데\n\n그 차이가 재밌더라,text_only,none,no,no,,2026-05-20 10:56,draft,
first_027,방금 해봤는데\n내 얼굴이 이렇게까지 무드 있게 나올 줄은 몰랐어\n조용히 저장해두기 좋은 결과가 뜸,image_recommended,none,no,yes,dreamy-wildflower|datecam-film|idol-photocard,2026-05-20 12:48,draft,
second_080,결과가 궁금하지 않은 카드는\n아무리 예뻐도 손이 잘 안 가더라\n\n그래서 제목만 보고도 상상하게 되는 쪽으로 짰음,text_only,none,no,no,,2026-05-20 14:48,draft,
first_126,낮에 볼 때랑 다르게\n퇴근 후엔 결과가 훨씬 감성적으로 느껴져\n그래서 이 시간대 반응이 제일 궁금함,before_after_recommended,none,no,yes,rainy-crosswalk|club-flash|red-carpet-glam,2026-05-20 17:40,draft,
second_081,라면머리처럼 살짝 웃긴 장면은\n이상하게 더 한번 눌러보게 됨\n\n결과가 예측 안 되는 맛이 있으니까,text_only,soft,no,no,,2026-05-20 19:43,draft,
first_226,밤에 보는 퍼스널컬러 결과는\n내일 뭐 바를지 바로 생각하게 만들어\n그게 은근 실용적이더라,image_recommended,none,no,yes,dreamy-wildflower|datecam-film|idol-photocard,2026-05-20 21:20,draft,
second_082,“이건 내 얼굴로 돌리면 어떨까”\n이 생각이 들면 이미 반쯤 시작된 거더라\n\n이번엔 그 순간을 많이 만들고 싶었음,text_only,none,no,no,,2026-05-21 10:13,draft,
first_028,AI 오디션 결과가\n괜히 더 궁금한 이유가 뭘까 했는데\n사람이 내 인상 평가받는 걸 은근 신경 쓰나 봄,image_recommended,none,no,yes,dreamy-wildflower|datecam-film|idol-photocard,2026-05-21 12:01,draft,
second_083,우주 쪽이 더 어울릴지\n서부 무드가 더 어울릴지\n막상 보기 전엔 전혀 감이 안 잡힘\n\n그게 오히려 재밌음,text_only,none,no,no,,2026-05-21 14:28,draft,
first_127,내가 보는 너 기능은\n친구들 사이에서 장난처럼 시작해도\n결국 서로를 조금 더 보게 만드는 것 같아,text_only,none,no,no,,2026-05-21 17:26,draft,
second_084,사람들이 금방 질리는 건\n결과를 너무 빨리 예측할 수 있어서일 수도 있음\n\n그래서 예측 여지를 남기는 카드들을 넣어봤다,text_only,none,no,no,,2026-05-21 19:46,draft,
first_227,낮에는 재미로 눌렀다면\n밤에는 조금 더 나를 들여다보게 되는 서비스\n결국 그 차이 때문에 남는 것 같아,text_only,none,no,no,,2026-05-21 21:51,draft,
second_085,권투 선수처럼 강한 톤과\n눈 오는 밤처럼 조용한 톤 중에\n내 얼굴이 어디서 더 살아날지 은근 궁금하지 않나,text_only,none,no,no,,2026-05-22 10:25,draft,
first_029,혼자 만드는 입장이라\n처음 쓰는 사람 반응이 제일 귀함\n근데 일단 재미는 꽤 챙겨놨다고 생각해,text_only,none,no,no,,2026-05-22 12:15,draft,
second_086,멋진 카드가 끌릴 때도 있지만\n결과가 더 안 그려지는 카드가 이상하게 더 세더라\n\n의외성이 있는 쪽이 오래 감,text_only,none,no,no,,2026-05-22 14:23,draft,
first_128,혼자 만드는 사람의 욕심이란 게\n예쁘다보다 오래 남는다 쪽으로 가더라\n그래서 결과 톤을 꽤 많이 손봤어,image_recommended,none,no,yes,dreamy-wildflower|datecam-film|idol-photocard,2026-05-22 17:34,draft,
second_087,장면 이름만 보고\n벌써 친구 한 명 떠오르는 카드가 있더라\n\n이런 건 보기 전에 이미 반응이 시작된 느낌임,text_only,none,no,no,,2026-05-22 19:16,draft,
first_228,내 얼굴을 AI 감독이 심사해주는 기능\n밤에 보면 괜히 더 몰입돼\n이 시간엔 뭐든 진심처럼 느껴지니까,text_only,none,no,no,,2026-05-22 21:43,draft,
second_088,결과를 다 보여주기 전에\n질문을 먼저 던지는 카드가 훨씬 강했음\n\n“내가 여기 있으면?”\n이 구조가 잘 먹히더라,text_only,none,no,no,,2026-05-23 10:19,draft,
first_030,이런 말 좀 쑥스럽지만\n점심시간에 한 번만 눌러봐줘도\n나한텐 꽤 큰 사건임 🙂\nhttps://www.styledrop.cloud/,direct_cta,direct,yes,yes,idol-photocard|red-carpet-glam|dreamy-wildflower,2026-05-23 12:31,draft,
second_089,서로 다른 장면에 같은 얼굴을 넣었을 때\n어디까지 분위기가 바뀌는지 보는 재미가 있음\n\n그 차이를 발견하는 순간이 꽤 좋다,text_only,none,no,no,,2026-05-23 14:58,draft,
first_129,퇴근 시간엔 무조건 무거운 것보다\n가볍게 해볼 수 있는데 마음에는 좀 남는 것\n그런 서비스를 만들고 싶었어,soft_cta,soft,no,yes,datecam-film|dreamy-celebratory|coquette-ribbon,2026-05-23 17:40,draft,
second_090,생각보다 사람들은\n결과보다 기대감을 오래 기억하더라\n\n그래서 카드 이름이 주는 상상력도 꽤 중요하게 봤음,text_only,none,no,no,,2026-05-23 19:58,draft,
first_229,혼자 만드는 사람 입장에선\n자고 일어나면 누가 해봤다는 흔적이 있길 바라는 마음\n그게 은근 크다,text_only,none,no,no,,2026-05-23 21:06,draft,
second_091,몽골 전사 같은 강한 설정이 더 궁금한지\n일상적인 장면이 더 궁금한지\n이것도 사람 취향 많이 타더라,text_only,none,no,no,,2026-05-24 10:28,draft,
first_031,"몽골 전사, 우주비행사, 서부 총잡이\n셋 다 해봤는데\n이상하게 다 어울려서 더 웃김",text_only,none,no,no,,2026-05-24 12:59,draft,
second_092,예측 가능한 장면은 편하지만\n한 번 보고 끝나는 경우가 많았음\n\n그래서 조금은 낯설고 조금은 익숙한 선을 계속 만졌다,text_only,none,no,no,,2026-05-24 14:21,draft,
first_130,오늘 하루 별로였어도\n결과물 한 장이 마음에 들면\n괜히 하루 전체가 덜 별로였던 것처럼 느껴짐 🙂\nhttps://www.styledrop.cloud/,direct_cta,direct,yes,yes,idol-photocard|red-carpet-glam|dreamy-wildflower,2026-05-24 17:45,draft,
second_093,카드 한 장만 보고도\n내 사진 넣었을 때의 표정까지 상상되면\n그건 거의 성공한 카드더라,text_only,none,no,no,,2026-05-24 19:04,draft,
first_230,이 시간에 서비스 올린 사람의 마음은 단순해\n누가 잠들기 전에 한 번쯤 눌러줬으면 좋겠다\n그 정도\nhttps://www.styledrop.cloud/,direct_cta,direct,yes,yes,idol-photocard|red-carpet-glam|dreamy-wildflower,2026-05-24 21:33,draft,
second_094,장면에 대한 설명을 길게 붙이지 않아도\n사람이 바로 상상해버리는 카드들이 있음\n\n그런 카드일수록 눌림이 좋더라,text_only,none,no,no,,2026-05-25 10:37,draft,
first_032,분명 내 사진인데\n결과는 나보다 더 나 같을 때가 있더라\n이 느낌이 묘해서 계속 만지게 됨,image_recommended,none,no,yes,dreamy-wildflower|datecam-film|idol-photocard,2026-05-25 12:35,draft,
second_095,같은 셀카라도\n도시 밤거리랑 눈 오는 골목에 넣으면\n느낌이 얼마나 달라질지 보는 맛이 있음,text_only,none,no,no,,2026-05-25 14:56,draft,
first_131,사람들이 내 얼굴을 어떻게 읽는지\n은근 궁금한 날이 있잖아\n특히 퇴근길엔 그런 생각이 더 많아짐,text_only,none,no,no,,2026-05-25 17:51,draft,
second_096,결과물이 예쁘냐보다\n보기 전에 궁금하냐가 더 먼저인 순간이 있더라\n\n이번엔 그 지점을 더 세게 가져갔다,text_only,none,no,no,,2026-05-25 19:06,draft,
first_231,프사 하나 바꿨을 뿐인데\n사람 분위기가 달라 보이는 걸 너무 많이 봐서\n결국 직접 만들게 됐어,text_only,none,no,no,,2026-05-25 21:27,draft,
second_097,카드 이름만 보고\n이건 내 얼굴로 보면 이상하게 재밌겠는데 싶은 순간이 있음\n\n그런 장면 좋아하는 사람은 저장해둘 만할 듯,soft_cta,none,no,yes,datecam-film|dreamy-celebratory|coquette-ribbon,2026-05-26 10:27,draft,
first_033,내가 만드는 서비스는\n항상 너무 기능적으로만 가는 것 같아서\n이번엔 좀 놀 수 있게 만들어봤어,text_only,none,no,no,,2026-05-26 12:28,draft,
second_098,비 오는 횡단보도 vs 서부 총잡이\n둘 중 하나만 먼저 눌러야 한다면\n어느 쪽이 더 궁금한지 은근 궁금함,soft_cta,soft,no,yes,datecam-film|dreamy-celebratory|coquette-ribbon,2026-05-26 14:44,draft,
first_132,AI 오디션은 웃기려고 넣었는데\n결과 보고 친구한테 바로 공유하게 되는 쪽이 있더라\n나도 그랬고,image_recommended,none,no,yes,dreamy-wildflower|datecam-film|idol-photocard,2026-05-26 17:15,draft,
second_099,예쁜 결과보다\n결과 나오기 전이 더 재밌는 서비스가 있더라\n\n이런 구조 좋아하면 꽤 취향일 수 있음,soft_cta,none,no,yes,datecam-film|dreamy-celebratory|coquette-ribbon,2026-05-26 19:12,draft,
first_232,밤에 누워서 남들 사진 보다 보면\n왜 나만 아직 평소 셀카 같지 싶을 때가 있잖아\n그 기분을 좀 건드리는 서비스야,image_recommended,none,no,yes,dreamy-wildflower|datecam-film|idol-photocard,2026-05-26 21:36,draft,
second_100,라면머리 같은 카드가 좋은 이유는\n대충 어떤 느낌일지 알 것 같으면서도\n막상 내 얼굴 넣으면 전혀 다를 것 같아서임,soft_cta,none,no,yes,datecam-film|dreamy-celebratory|coquette-ribbon,2026-05-27 10:31,draft,
first_034,점심시간엔 무거운 것보다\n가볍게 눌렀다가 피식하는 게 좋잖아\n그 기분으로 만든 기능들이 몇 개 있음,soft_cta,soft,no,yes,datecam-film|dreamy-celebratory|coquette-ribbon,2026-05-27 12:00,draft,
second_101,멋있는 카드부터 고르는 편인지\n결과가 더 안 그려지는 카드부터 고르는 편인지\n\n나는 이상하게 후자가 더 손이 감,soft_cta,none,no,yes,datecam-film|dreamy-celebratory|coquette-ribbon,2026-05-27 14:46,draft,
first_133,하루 종일 기능 붙잡고 있다가\n퇴근할 때쯤 되면 늘 드는 생각\n이거 누가 재밌어해주면 좋겠다,text_only,none,no,no,,2026-05-27 17:07,draft,
second_102,카드 선택하는 순간 이미 재미가 시작되면\n완성컷 체감도도 같이 올라가더라\n\n이 포인트 좋아하는 사람 은근 많을 듯,soft_cta,none,no,no,datecam-film|dreamy-celebratory|coquette-ribbon,2026-05-27 19:40,draft,
first_233,내가 보는 나와\n남이 읽는 내 인상 사이의 차이\n이 시간엔 그게 유독 더 크게 느껴짐,text_only,none,no,no,,2026-05-27 21:54,draft,
second_103,어떤 카드는 결과를 보기도 전에\n친구한테 보내는 장면까지 상상됨\n\n그런 카드가 확실히 힘이 세더라,soft_cta,none,no,no,datecam-film|dreamy-celebratory|coquette-ribbon,2026-05-28 10:11,draft,
first_035,사진 한 장 넣으면\n내 분위기를 다른 캐릭터처럼 꺼내주는 느낌\n혼자 해보다가 생각보다 잘 나와서 만족했음\nhttps://www.styledrop.cloud/,direct_cta,direct,yes,yes,idol-photocard|red-carpet-glam|dreamy-wildflower,2026-05-28 12:17,draft,
second_104,눈 내리는 밤 같은 조용한 장면이 좋은지\n강한 캐릭터 카드가 더 좋은지\n\n이거 의외로 취향 진짜 갈린다,soft_cta,none,no,no,datecam-film|dreamy-celebratory|coquette-ribbon,2026-05-28 14:20,draft,
first_134,디자이너로서 만든 거라기보다\n오늘의 나를 조금 다르게 보여주는 도구를 만들고 싶었어\n그게 더 맞는 표현 같아,text_only,none,no,no,,2026-05-28 17:30,draft,
second_105,상상되는 장면보다\n안 상상되는 장면이 더 오래 붙잡힐 때가 있음\n\n결과가 머릿속에 안 그려질수록 더 궁금하니까,soft_cta,none,no,no,datecam-film|dreamy-celebratory|coquette-ribbon,2026-05-28 19:16,draft,
first_234,혼자 작업실 같은 방에서 만들다가\n유난히 밤에 잘 어울린다고 느낀 결과들이 있어\n조용히 오래 보는 컷들,image_recommended,none,no,yes,dreamy-wildflower|datecam-film|idol-photocard,2026-05-28 21:48,draft,
second_106,내 얼굴이 인형뽑기 기계 안에 있으면 웃길지 귀여울지\n막상 돌리기 전엔 전혀 모르겠더라\n\n그 모름이 꽤 큰 재미였음,soft_cta,none,no,no,datecam-film|dreamy-celebratory|coquette-ribbon,2026-05-29 10:35,draft,
first_036,그냥 예쁘게 바꾸는 거 말고\n내가 몰랐던 내 인상 보여주는 쪽이 더 재밌더라\n그래서 그쪽으로 방향을 잡았어,text_only,none,no,no,,2026-05-29 12:27,draft,
second_107,다들 결과 궁금해지는 포인트가\n배경인지 의상인지 표정인지 궁금하다\n\n나는 의외로 배경이 제일 큼,soft_cta,none,no,no,datecam-film|dreamy-celebratory|coquette-ribbon,2026-05-29 14:56,draft,
first_135,오늘 좀 지쳤다 싶으면\n나를 다른 캐릭터로 바꿔보는 것만으로도\n생각보다 숨이 좀 트여 🌙\nhttps://www.styledrop.cloud/,direct_cta,direct,yes,yes,idol-photocard|red-carpet-glam|dreamy-wildflower,2026-05-29 17:02,draft,
second_108,카드 한 장이 세다는 건\n설명을 읽지 않아도 눌러보고 싶게 만든다는 뜻 같음\n\n이번엔 그런 카드 비중을 꽤 높였다,soft_cta,soft,no,no,datecam-film|dreamy-celebratory|coquette-ribbon,2026-05-29 19:17,draft,
first_235,사진 한 장이 카드처럼 남는 순간\n괜히 저장 버튼이 빨라져\n밤엔 더 그렇고 🙂\nhttps://www.styledrop.cloud/,direct_cta,direct,yes,yes,idol-photocard|red-carpet-glam|dreamy-wildflower,2026-05-29 21:45,draft,
second_109,같은 사진으로도\n어느 장면에 넣느냐에 따라 전혀 다른 사람이 되더라\n\n그 차이를 보는 재미가 생각보다 크다,soft_cta,none,no,no,datecam-film|dreamy-celebratory|coquette-ribbon,2026-05-30 10:00,draft,
first_037,점심 먹고 나면 뇌가 느려지잖아\n그때 딱 보기 좋은 종류의 서비스임\n어렵지 않게 바로 결과가 뜸,image_recommended,none,no,yes,dreamy-wildflower|datecam-film|idol-photocard,2026-05-30 12:12,draft,
second_110,프로필용 느낌이 더 끌리는지\n밈처럼 친구 보내기 좋은 느낌이 더 끌리는지\n\n이거 진짜 취향 테스트 같다,soft_cta,none,no,no,datecam-film|dreamy-celebratory|coquette-ribbon,2026-05-30 14:37,draft,
first_136,퇴근길 버스 창문에 비친 얼굴 보다가\n문득 더 재밌는 버전의 나를 보고 싶어서 만든 서비스야\n그 시작이 좀 단순했어,text_only,none,no,no,,2026-05-30 17:49,draft,
second_111,결과를 보여주기보다\n궁금증을 먼저 심는 카드가 훨씬 오래 남더라\n\n그래서 앞단 설계를 더 열심히 하게 됐음,soft_cta,none,no,no,datecam-film|dreamy-celebratory|coquette-ribbon,2026-05-30 19:28,draft,
first_236,나만 아직 안 해본 느낌\n이거 은근 밤에 세게 온다\n그래서 한번 보면 끝이 잘 안 남,text_only,none,no,no,,2026-05-30 21:44,draft,
second_112,내 얼굴이 영화 같은 장면에 들어가면\n멋있을지 어색할지부터 궁금해짐\n\n이런 반응이 바로 나오는 카드들이 의외로 많음,soft_cta,none,no,no,datecam-film|dreamy-celebratory|coquette-ribbon,2026-05-31 10:30,draft,
first_038,친구 사진으로도 해봤는데\n장난치려다 결과가 잘 나와서\n오히려 서로 저장함,image_recommended,none,no,yes,dreamy-wildflower|datecam-film|idol-photocard,2026-05-31 12:28,draft,
second_113,다들 카드 볼 때\n직관적으로 끌리는 것부터 누르는 편인지\n의외성 큰 것부터 누르는 편인지 궁금하다,soft_cta,none,no,no,datecam-film|dreamy-celebratory|coquette-ribbon,2026-05-31 14:24,draft,
first_137,내 얼굴이 영화 포스터처럼 나올 줄은 몰랐는데\n막상 그러고 나니까\n프사도 바꾸고 싶어지더라,text_only,none,no,no,,2026-05-31 17:35,draft,
second_114,첫 화면에서 이미\n“오늘은 이거 해볼까”가 떠오르면 훨씬 강하더라\n\n카드형 구조의 장점이 딱 그거인 듯,soft_cta,soft,no,no,datecam-film|dreamy-celebratory|coquette-ribbon,2026-05-31 19:14,draft,
first_237,퍼컬 결과 보고 있다가\n갑자기 내일 입을 옷까지 고민하게 되는 사람\n나만 그런 거 아니겠지,image_recommended,none,no,yes,dreamy-wildflower|datecam-film|idol-photocard,2026-05-31 21:15,draft,
second_115,권투 선수처럼 선명한 캐릭터와\n일상 무드 장면을 같이 두면\n사람들이 어느 쪽부터 고를지 늘 흥미로움,soft_cta,none,no,no,datecam-film|dreamy-celebratory|coquette-ribbon,2026-06-01 10:57,draft,
first_039,나 혼자 만든 거라 그런지\n작은 반응도 크게 남는데\n이건 진짜 편하게 눌러봐도 되는 쪽이야,soft_cta,soft,no,yes,datecam-film|dreamy-celebratory|coquette-ribbon,2026-06-01 12:12,draft,
second_116,나는 결과 잘 나올 것 같은 카드보다\n어떻게 나올지 감이 안 오는 카드부터 눌러보는 편임\n\n이 타입 의외로 많을 것 같은데,soft_cta,soft,no,no,datecam-film|dreamy-celebratory|coquette-ribbon,2026-06-01 14:14,draft,
first_138,나 혼자 만들었단 사실보다\n누군가가 써주고 웃었다는 사실이 더 오래 남더라\n그래서 계속 다듬게 됨,text_only,none,no,no,,2026-06-01 17:24,draft,
second_117,카드 하나가 세다는 건\n결과가 좋아서가 아니라 질문을 남겨서인 것 같음\n\n그 질문이 생기면 손이 자연스럽게 감,soft_cta,none,no,no,datecam-film|dreamy-celebratory|coquette-ribbon,2026-06-01 19:41,draft,
first_238,AI 프로필은 대놓고 꾸민 느낌보다\n조금 영화 스틸 같은 쪽이 좋아서\n그 방향으로 많이 손봤어,text_only,none,no,no,,2026-06-01 21:02,draft,
second_118,멋있는 세계관도 좋지만\n생활감 있는 배경에 내 얼굴 넣는 재미도 은근 큼\n\n어느 쪽이 더 궁금한지 사람마다 많이 다르더라,soft_cta,none,no,no,datecam-film|dreamy-celebratory|coquette-ribbon,2026-06-02 10:54,draft,
first_040,내 얼굴 보고\nAI가 분위기를 꽤 그럴싸하게 잡아내는 순간이 있음\n그게 좀 신기해 ✨\nhttps://www.styledrop.cloud/,direct_cta,direct,yes,yes,idol-photocard|red-carpet-glam|dreamy-wildflower,2026-06-02 12:13,draft,
second_119,너라면\n첫 카드로 강한 콘셉트 고를지\n편안한 무드 고를지\n\n이 선택만 봐도 취향 보여서 재밌음,soft_cta,none,no,no,datecam-film|dreamy-celebratory|coquette-ribbon,2026-06-02 14:37,draft,
first_139,퍼컬 기능은 진짜 실용 쪽이고\n감성 카드는 재미 쪽인데\n이상하게 둘이 같이 있을 때 더 잘 맞아,text_only,none,no,no,,2026-06-02 17:16,draft,
second_120,서비스가 재밌다고 느껴지는 순간은\n결과를 보기 전인데 이미 머릿속이 바쁠 때더라\n\n카드 이름의 힘이 생각보다 큼,soft_cta,none,no,no,datecam-film|dreamy-celebratory|coquette-ribbon,2026-06-02 19:53,draft,
first_239,혼자 만들었지만\n이건 혼자만 보기엔 아까운 결과들이 종종 뜸\n그래서 친구 생각나게 만들고 싶었어,image_recommended,none,no,yes,dreamy-wildflower|datecam-film|idol-photocard,2026-06-02 21:58,draft,
second_121,서로 다른 카드 두 개를 보고\n어느 쪽이 내 얼굴이 더 잘 어울릴지 상상하는 재미가 있음\n\n이건 해보는 재미랑 또 다름,soft_cta,none,no,no,datecam-film|dreamy-celebratory|coquette-ribbon,2026-06-03 10:57,draft,
first_041,점심시간에 무난하게 쓸 서비스 찾는 사람 있으면\n이건 설명보다 직접 한 번 돌려보는 게 빠름\n생각보다 금방 이해됨,text_only,none,no,no,,2026-06-03 12:04,draft,
second_122,멋있게 남는 컷이 좋은지\n반응 오기 쉬운 컷이 좋은지\n둘 다 포기 못 하는 사람 많지 않나,soft_cta,none,no,no,datecam-film|dreamy-celebratory|coquette-ribbon,2026-06-03 14:25,draft,
first_140,퇴근하고 나면\n나를 설명하는 말보다\n나를 보여주는 한 장이 더 와닿더라 ✨\nhttps://www.styledrop.cloud/,direct_cta,direct,yes,yes,idol-photocard|red-carpet-glam|dreamy-wildflower,2026-06-03 17:38,draft,
second_123,AI 사진에서 의외로 중요한 건\n완성 이후보다 선택 직전의 망설임 같음\n\n그 망설임이 즐거우면 결과도 더 재밌게 느껴짐,soft_cta,none,no,no,datecam-film|dreamy-celebratory|coquette-ribbon,2026-06-03 19:16,draft,
first_240,밤은 늘 과장된 시간인데\n그래서인지 이런 결과도 낮보다 더 멋있어 보여 👀\nhttps://www.styledrop.cloud/,direct_cta,direct,yes,yes,idol-photocard|red-carpet-glam|dreamy-wildflower,2026-06-03 21:26,draft,
second_124,카드 한 장 보고\n친구 얼굴 하나 바로 떠오르면 이미 게임 끝임\n\n그런 장면은 보기 전부터 대화가 시작되더라,soft_cta,none,no,no,datecam-film|dreamy-celebratory|coquette-ribbon,2026-06-04 10:30,draft,
first_042,요즘 프사 다 비슷해 보여서\n아예 다른 결로 놀아보고 싶어서 만들었어\n감성 카드 느낌으로,text_only,none,no,no,,2026-06-04 12:27,draft,
second_125,분위기 있는 밤 장면이 더 끌리는지\n캐릭터 확실한 설정이 더 끌리는지\n\n사람들 반응 보면 진짜 반반 느낌임,soft_cta,none,no,no,datecam-film|dreamy-celebratory|coquette-ribbon,2026-06-04 14:32,draft,
first_141,친구한테 야 이거 해봐\n딱 이 말 나오게 만들고 싶었어\n생각보다 그런 반응이 제일 반갑더라,soft_cta,soft,no,yes,datecam-film|dreamy-celebratory|coquette-ribbon,2026-06-04 17:43,draft,
second_126,결과물을 보는 재미도 있지만\n나는 아직 안 본 결과를 상상하는 재미가 더 크더라\n\n그래서 카드형 구성이 잘 맞았음,soft_cta,none,no,no,datecam-film|dreamy-celebratory|coquette-ribbon,2026-06-04 19:41,draft,
first_241,누워서 휴대폰 보다가\n내 사진으로 다른 세계관의 나를 본다는 거\n생각보다 거부감 없고 꽤 재밌음,image_recommended,none,no,yes,dreamy-wildflower|datecam-film|idol-photocard,2026-06-04 21:19,draft,
second_127,카드 제목만 봐도\n결과를 상상하게 되는 순간이 있지\n\n그런 흐름으로 만든 장면들이 궁금하면\nstyledrop.cloud,direct_cta,none,yes,no,idol-photocard|red-carpet-glam|dreamy-wildflower,2026-06-05 10:29,draft,
first_043,퍼스널컬러 기능 넣고 나서\n나도 립 고를 때 조금 덜 헤매더라\n이런 소소한 쪽이 의외로 오래감,text_only,none,no,no,,2026-06-05 12:57,draft,
second_128,비슷한 결과에 질렸다면\n이번엔 결과보다 궁금증이 먼저 생기는지부터 봐도 됨\n\n감 오는 카드가 꽤 있을 거야\nstyledrop.cloud,direct_cta,none,yes,no,idol-photocard|red-carpet-glam|dreamy-wildflower,2026-06-05 14:42,draft,
first_142,오늘 회사에서 말 너무 많이 해서 지쳤는데\n결과물 보고 혼자 조용히 웃은 순간이 있었다\n그런 힘이 있는 서비스면 좋겠다고 생각했어,image_recommended,none,no,yes,dreamy-wildflower|datecam-film|idol-photocard,2026-06-05 17:34,draft,
second_129,비 오는 장면이 먼저인지\n웃긴 콘셉트가 먼저인지\n취향 테스트하듯 골라보는 재미가 있음\n\nstyledrop.cloud,direct_cta,none,yes,no,idol-photocard|red-carpet-glam|dreamy-wildflower,2026-06-05 19:49,draft,
first_242,몽골 전사 버전은 밤에 보면 더 좋더라\n낮엔 웃겼는데\n밤엔 그냥 멋있어 보였어,text_only,none,no,no,,2026-06-05 21:24,draft,
second_130,결과가 잘 나올 것 같은 카드보다\n어떻게 나올지 모르는 카드가 더 궁금할 때가 있더라\n\n그런 카드들 보려면 styledrop.cloud,direct_cta,none,yes,no,idol-photocard|red-carpet-glam|dreamy-wildflower,2026-06-06 10:28,draft,
first_044,내가 보는 너 기능은\n친구들이 날 어떻게 느끼는지 궁금해서 넣었는데\n이상하게 계속 신경 쓰이게 됨,text_only,none,no,no,,2026-06-06 12:43,draft,
second_131,상상부터 시작되는 AI 사진이 은근 드묾\n\n이번엔 그 앞단 감정을 꽤 많이 넣어봤음\n궁금하면 styledrop.cloud,direct_cta,none,yes,no,idol-photocard|red-carpet-glam|dreamy-wildflower,2026-06-06 14:50,draft,
first_143,혼자 디자인하고 개발한 거라\n기능 하나하나에 이유가 있는데\n결국 다 나를 다시 보게 한다는 쪽으로 이어지더라,text_only,none,no,no,,2026-06-06 17:04,draft,
second_132,멋있는 쪽 먼저 볼지\n장난스러운 쪽 먼저 볼지\n사람마다 갈리는 포인트가 재밌다\n\nstyledrop.cloud,direct_cta,none,yes,no,idol-photocard|red-carpet-glam|dreamy-wildflower,2026-06-06 19:43,draft,
first_243,혼자 만드는 입장에선\n이 시간대 클릭 하나가 더 특별하게 남아\n하루 끝에 누가 와준 거니까,soft_cta,soft,no,yes,datecam-film|dreamy-celebratory|coquette-ribbon,2026-06-06 21:26,draft,
second_133,내 얼굴이 어디서 제일 낯설고 재밌게 보일지\n그 궁금증 하나만으로도 충분하더라\n\n몇 개만 보면 감 올 거야\nstyledrop.cloud,direct_cta,none,yes,no,idol-photocard|red-carpet-glam|dreamy-wildflower,2026-06-07 10:51,draft,
first_045,점심시간 심심풀이 치고는\n결과가 너무 괜찮게 나와서\n나도 조금 당황했어 😳\nhttps://www.styledrop.cloud/,direct_cta,direct,yes,yes,idol-photocard|red-carpet-glam|dreamy-wildflower,2026-06-07 12:38,draft,
second_134,보기 전부터 머릿속이 바빠지는 카드가 있다면\n그건 이미 꽤 괜찮은 시작이라고 봄\n\n그런 류 모아둔 곳은 여기\nstyledrop.cloud,direct_cta,none,yes,no,idol-photocard|red-carpet-glam|dreamy-wildflower,2026-06-07 14:08,draft,
first_144,퇴근길의 감정은 묘해\n피곤한데 그냥 끝내긴 아쉽고\n그 틈에 이런 게 조금 스며드는 것 같아,text_only,none,no,no,,2026-06-07 17:04,draft,
second_135,상상되는 장면보다\n안 상상되는 장면이 더 끌릴 때가 있지\n\n그 맛 좋아하면 styledrop.cloud 한번 보면 됨,direct_cta,none,yes,no,idol-photocard|red-carpet-glam|dreamy-wildflower,2026-06-07 19:22,draft,
first_244,내가 보는 너는\n밤에 친구 생각나면 바로 떠오르는 기능이야\n너는 날 어떻게 보지 싶을 때,text_only,none,no,no,,2026-06-07 21:25,draft,
second_136,혼자 웃고 끝나는 결과보다\n누군가한테 바로 보내고 싶은 결과가 더 힘이 세더라\n\n이번엔 공유했을 때 얘깃거리 생기는 쪽을 꽤 봤다,text_only,none,no,no,,2026-06-08 10:50,draft,
first_046,혼자 만들다 보니까\n누가 와서 한 번 눌러준다는 게\n생각보다 엄청 크게 느껴진다,soft_cta,soft,no,yes,datecam-film|dreamy-celebratory|coquette-ribbon,2026-06-08 12:25,draft,
second_137,재밌는 건\n잘 나온 한 장보다 친구 반응이 붙는 한 장이 더 오래 남는다는 거\n\n그 포인트를 계속 생각하면서 만들었음,text_only,none,no,no,,2026-06-08 14:15,draft,
first_145,아까 내 사진 넣어봤는데\n오늘따라 유난히 무드 있게 나와서\n괜히 저장해뒀다 👀\nhttps://www.styledrop.cloud/,direct_cta,direct,yes,yes,idol-photocard|red-carpet-glam|dreamy-wildflower,2026-06-08 17:42,draft,
second_138,이런 서비스는\n혼자 보기 좋은 카드와 친구 보내기 좋은 카드가 완전히 다르더라\n\n둘 다 챙기려고 톤을 꽤 나눠봤음,text_only,none,no,no,,2026-06-08 19:05,draft,
first_245,프사 고민이 제일 심해지는 시간도 밤인 것 같아\n그래서 이 시간대에 AI 프로필 반응이 좋나 봄 ✨\nhttps://www.styledrop.cloud/,direct_cta,direct,yes,yes,idol-photocard|red-carpet-glam|dreamy-wildflower,2026-06-08 21:56,draft,
second_139,“야 이건 너다”\n이 말이 자연스럽게 나오는 카드가 생각보다 중요했음\n\n설명보다 반응이 먼저 나오니까,text_only,none,no,no,,2026-06-09 10:47,draft,
first_047,점심시간 5분 남았을 때\n딱 해보기 좋은 정도의 가벼움\n근데 결과는 꽤 오래 남음,soft_cta,soft,no,yes,datecam-film|dreamy-celebratory|coquette-ribbon,2026-06-09 12:52,draft,
second_140,혼자만 재밌으면 금방 식는데\n누가 한 번 받아주면 갑자기 서비스 체감이 확 커지더라\n\n공유성 보는 이유가 딱 그거임,text_only,none,no,no,,2026-06-09 14:01,draft,
first_146,내가 만든 서비스라고 해서\n무조건 좋게 보진 않거든\n근데 이건 진짜 내가 먼저 꽤 자주 쓰게 됐어,text_only,none,no,no,,2026-06-09 17:32,draft,
second_141,AI 사진에서 저장보다 공유가 먼저 일어나는 순간이 있음\n\n그건 결과가 예뻐서라기보다\n보여주고 싶은 장면이기 때문이더라,text_only,none,no,no,,2026-06-09 19:44,draft,
first_246,잠들기 전에 별생각 없이 보다가\n갑자기 내 셀카첩 정리하게 되는 서비스\n이런 건 좀 위험하지,text_only,none,no,no,,2026-06-09 21:07,draft,
second_142,친구한테 보내기 좋은 결과는\n완벽한 컷보다 한마디 붙이기 쉬운 컷이더라\n\n반응하기 편한 결과가 확실히 셈,text_only,none,no,no,,2026-06-10 10:21,draft,
first_048,이건 후기라기보다 고백인데\n내 사진으로 돌려보고\n제일 많이 놀란 사람이 바로 나였음,image_recommended,none,no,yes,dreamy-wildflower|datecam-film|idol-photocard,2026-06-10 12:09,draft,
second_143,2인 카드 넣으면서 느낀 건\n혼자 보는 재미랑 같이 보는 재미가 정말 다르다는 거였음\n\n같이 넣는 순간 대화 소재가 바로 생김,text_only,none,no,no,,2026-06-10 14:52,draft,
first_147,회사가 끝난 뒤의 얼굴은\n낮보다 솔직해서 더 재밌는 결과가 나오는 것 같아\n이상하게 그 시간이 있음,image_recommended,none,no,yes,dreamy-wildflower|datecam-film|idol-photocard,2026-06-10 17:56,draft,
second_144,혼자 노는 서비스는 많지만\n친구 하나만 끌어들여도 재미가 달라지는 서비스는 의외로 적더라\n\n이번엔 그쪽에 신경을 많이 썼음,text_only,none,no,no,,2026-06-10 19:25,draft,
first_247,나를 다르게 보여주는 건 많은데\n나를 다르게 느끼게 하는 건 생각보다 적더라\n그래서 그쪽을 해보고 싶었어,text_only,none,no,no,,2026-06-10 21:58,draft,
second_145,가볍게 카톡에 던졌을 때\n바로 답장 오는 결과는 확실히 따로 있더라\n\n그런 결과가 오래 남는 편임,text_only,soft,no,no,,2026-06-11 10:51,draft,
first_049,엄청 대단한 걸 하자는 건 아니고\n그냥 내 얼굴이 다른 무드로 바뀌는 걸 보는 재미\n그걸 꽤 신경 써서 만들었어,text_only,none,no,no,,2026-06-11 12:25,draft,
second_146,멋있는 결과를 친구한테 보내는 편인지\n웃긴 결과를 더 잘 보내는 편인지\n\n이거 꽤 사람 성향 보이더라,text_only,none,no,no,,2026-06-11 14:27,draft,
first_148,AI 감독한테 심사받는 기능은\n처음엔 그냥 장난이었는데\n친구들이 제일 많이 얘기한 건 그거였어,text_only,none,no,no,,2026-06-11 17:22,draft,
second_147,단톡방에서 반응 오는 카드가 있고\n개인톡에서 더 웃긴 카드가 있더라\n\n공유 맥락까지 달라지는 게 재밌었음,text_only,none,no,no,,2026-06-11 19:34,draft,
first_248,밤에는 자꾸\n내 얼굴이 아니라 내 분위기를 보게 돼\n이 서비스가 그 포인트를 잘 건드리는 듯,text_only,none,no,no,,2026-06-11 21:21,draft,
second_148,혼자 보기 좋게만 만들면\n생각보다 금방 끝나는 경우가 많았음\n\n누가 한 명 떠오르는 순간부터 훨씬 오래 가더라,text_only,none,no,no,,2026-06-12 10:25,draft,
first_050,점심에 잠깐 들어왔다가\n생각보다 오래 보게 되면\n그건 내가 의도한 거 맞음 😶\nhttps://www.styledrop.cloud/,direct_cta,direct,yes,yes,idol-photocard|red-carpet-glam|dreamy-wildflower,2026-06-12 12:04,draft,
second_149,서비스를 다 쓰고 나서 기억나는 건\n결과 자체보다 누구 반응이었는지도 크더라\n\n그래서 공유 흐름을 꽤 중요하게 봤음,text_only,none,no,no,,2026-06-12 14:16,draft,
first_149,오늘 내가 좀 흐리게 느껴지는 날엔\n다른 버전의 나를 한 번 보는 것도 괜찮더라\n그게 생각보다 힘이 됨,text_only,none,no,no,,2026-06-12 17:32,draft,
second_150,친구랑 같이 넣어보면 재밌는 장면이 있고\n혼자 해야 더 살아나는 장면이 있음\n\n이 차이 보는 것도 은근 재밌다,text_only,none,no,no,,2026-06-12 19:51,draft,
first_249,혼자 만들고 올려두면\n반응 없을까 봐 괜히 더 들여다보게 되는데\n밤엔 그 마음이 배로 커진다,text_only,none,no,no,,2026-06-12 21:05,draft,
second_151,혼자 보다가도\n딱 한 명 떠오르면 그 결과는 성공한 거더라\n\n이번엔 그런 장면들을 많이 넣고 싶었음,text_only,none,no,no,,2026-06-13 10:03,draft,
first_051,내가 직접 디자인한 화면 위에\n내 얼굴 결과물이 뜨는 거 보니까\n묘하게 기분 이상하더라,image_recommended,none,no,yes,dreamy-wildflower|datecam-film|idol-photocard,2026-06-13 12:04,draft,
second_152,결과가 좋아도 공유가 안 되면\n의외로 빨리 잊히는 경우가 많았음\n\n반응이 오가는 순간이 서비스 기억을 더 키우더라,text_only,none,no,no,,2026-06-13 14:00,draft,
first_150,퇴근길에 서비스 올린 사람 마음은 딱 하나야\n누가 재미있게 써주면 좋겠다\n그 이상도 이하도 아님\nhttps://www.styledrop.cloud/,direct_cta,direct,yes,yes,idol-photocard|red-carpet-glam|dreamy-wildflower,2026-06-13 17:07,draft,
second_153,이거 혼자 보기보다\n친구한테 던졌을 때 더 재밌는 카드가 꽤 있음\n\n특히 결과에 한마디 붙이기 쉬운 쪽이 반응이 빠르더라,soft_cta,none,no,no,datecam-film|dreamy-celebratory|coquette-ribbon,2026-06-13 19:40,draft,
first_250,지금 이 시간에 보면\n한 번쯤 해봐야 할 것 같은 기분이 슬쩍 올라와\n딱 그 정도의 FOMO는 있는 편 🌙\nhttps://www.styledrop.cloud/,direct_cta,direct,yes,yes,idol-photocard|red-carpet-glam|dreamy-wildflower,2026-06-13 21:26,draft,
second_154,친구 셀카 넣어서 해볼 땐\n멋있는 장면이 더 좋은지 웃긴 장면이 더 좋은지 궁금함\n\n나는 의외로 후자가 반응 더 좋았음,soft_cta,soft,no,no,datecam-film|dreamy-celebratory|coquette-ribbon,2026-06-14 10:43,draft,
first_052,사진 하나로 끝나게 해둔 건\n복잡하면 나부터 안 하니까\n진짜 최대한 가볍게 만들었어,soft_cta,soft,no,yes,datecam-film|dreamy-celebratory|coquette-ribbon,2026-06-14 12:30,draft,
second_155,공유 잘 되는 결과는\n완벽해서가 아니라 말 붙이기 쉬워서더라\n\n“이거 너 아님?” 한 줄 나오는 쪽이 진짜 셈,soft_cta,none,no,no,datecam-film|dreamy-celebratory|coquette-ribbon,2026-06-14 14:14,draft,
first_151,하루를 정리하는 방법이 꼭 거창할 필요는 없더라\n내 얼굴이 다른 무드로 바뀌는 걸 보는 것만으로도\n은근 마음이 움직여,text_only,none,no,no,,2026-06-14 17:31,draft,
second_156,너라면 친구한테 먼저 보낼 카드가\n분위기 있는 쪽일지 장난스러운 쪽일지 궁금하다\n\n이 선택 꽤 성향 드러남,soft_cta,none,no,no,datecam-film|dreamy-celebratory|coquette-ribbon,2026-06-14 19:14,draft,
first_251,오늘 하루 아무것도 안 했는데\n이거 하나 해보면 괜히 뭔가 한 느낌이 남음\n밤엔 그런 소소한 게 중요하더라,text_only,none,no,no,,2026-06-14 21:28,draft,
second_157,혼자 돌려보는 재미도 있지만\n나는 누가 반응해줄 때 이 서비스가 더 살아난다고 느꼈음\n\n그래서 공유 흐름도 가볍게 만들었다,soft_cta,soft,no,no,datecam-film|dreamy-celebratory|coquette-ribbon,2026-06-15 10:21,draft,
first_053,서부 총잡이 버전은 진짜\n친구들끼리 돌려보면 웃길 것 같아\n근데 또 결과는 의외로 멋있음,image_recommended,none,no,yes,dreamy-wildflower|datecam-film|idol-photocard,2026-06-15 12:28,draft,
second_158,단톡방에 올리기 좋은 결과와\n스토리에 올리기 좋은 결과는 진짜 다르더라\n\n둘 중 어디에 더 올릴 것 같은지 궁금함,soft_cta,none,no,no,datecam-film|dreamy-celebratory|coquette-ribbon,2026-06-15 14:35,draft,
first_152,내가 보는 너는\n질문하기 민망한 걸 조금 덜 민망하게 만든 기능이야\n친구 사이에서 특히 재밌더라,text_only,none,no,no,,2026-06-15 17:13,draft,
second_159,친구랑 같이 넣어보는 카드들은\n생각보다 결과보다 반응 보는 재미가 더 큼\n\n같이 웃으면 체감이 확 달라짐,soft_cta,none,no,no,datecam-film|dreamy-celebratory|coquette-ribbon,2026-06-15 19:16,draft,
first_252,AI 오디션은 진짜\n밤에 보면 더 진지하게 받아들이게 됨\n알면서도 좀 몰입하게 돼,text_only,none,no,no,,2026-06-15 21:50,draft,
second_160,같이 사진 넣어볼 사람 한 명 떠오르면\n이런 서비스는 이미 절반은 성공한 느낌임\n\n다들 그런 사람 하나쯤 있지 않나,soft_cta,none,no,no,datecam-film|dreamy-celebratory|coquette-ribbon,2026-06-16 10:02,draft,
first_054,점심시간에 뭔가 새로 눌러보고 싶은데\n무거운 서비스는 싫고\n딱 그 사이에 놓고 싶었어,soft_cta,soft,no,yes,datecam-film|dreamy-celebratory|coquette-ribbon,2026-06-16 12:28,draft,
second_161,AI 오디션류 콘텐츠를 붙인 이유도\n혼자 보기에 끝나지 않게 하려는 게 컸음\n\n결과 리포트가 있으면 확실히 얘기가 생김,soft_cta,none,no,no,datecam-film|dreamy-celebratory|coquette-ribbon,2026-06-16 14:53,draft,
first_153,퇴근 시간에는\n좋다 싫다보다\n이상하게 오래 생각나는 게 더 중요한 것 같아\n그래서 결과의 여운을 신경 썼어,image_recommended,none,no,yes,dreamy-wildflower|datecam-film|idol-photocard,2026-06-16 17:47,draft,
second_162,친구가 보내준 결과물 중에\n유독 오래 기억나는 건 웃긴 쪽인지 멋있는 쪽인지 궁금함\n\n나는 웃긴 쪽이 더 오래 남더라,soft_cta,none,no,no,datecam-film|dreamy-celebratory|coquette-ribbon,2026-06-16 19:14,draft,
first_253,내 사진이 감성 카드처럼 남으니까\n생각보다 오래 보게 되더라\n그냥 필터랑은 좀 다른 결이 있어,image_recommended,none,no,yes,dreamy-wildflower|datecam-film|idol-photocard,2026-06-16 21:37,draft,
second_163,공유하기 좋은 서비스는\n설명 안 붙여도 바로 반응할 포인트가 있더라\n\n그 한 번의 반응이 꽤 크다,soft_cta,none,no,no,datecam-film|dreamy-celebratory|coquette-ribbon,2026-06-17 10:22,draft,
first_055,내 얼굴이 이렇게까지\n캐릭터처럼 바뀔 수 있구나 싶어서\n혼자 몇 번 더 돌려봤다 🤠\nhttps://www.styledrop.cloud/,direct_cta,direct,yes,yes,idol-photocard|red-carpet-glam|dreamy-wildflower,2026-06-17 12:56,draft,
second_164,2인 카드 좋아하는 사람들은\n대체로 결과보다 상황 설정을 더 재밌어하더라\n\n이 취향 공감하는 사람 꽤 있을 듯,soft_cta,none,no,no,datecam-film|dreamy-celebratory|coquette-ribbon,2026-06-17 14:34,draft,
first_154,혼자 만드는 사람 특징인지\n사람들 반응 상상하다가\n괜히 더 늦게까지 손보게 된다,text_only,none,no,no,,2026-06-17 17:02,draft,
second_165,혼자 보는 용도로는 안 열었을 카드도\n친구랑 같이 할 생각하면 갑자기 끌릴 때가 있음\n\n그 감정이 은근 재밌음,soft_cta,none,no,no,datecam-film|dreamy-celebratory|coquette-ribbon,2026-06-17 19:31,draft,
first_254,혼자 만드는 사람 마음이란 게\n결국 누군가 저장해뒀다는 상상만으로도 좀 행복해짐\n그래서 더 조심스럽게 만들었어,text_only,none,no,no,,2026-06-17 21:05,draft,
second_166,친구 얼굴 넣어봤을 때\n진지한 콘셉트가 더 웃긴지\n가벼운 콘셉트가 더 웃긴지\n\n이거 해보면 생각보다 갈림,soft_cta,none,no,no,datecam-film|dreamy-celebratory|coquette-ribbon,2026-06-18 10:52,draft,
first_056,이거 만들면서 느낀 건\n사람들이 예쁜 사진보다\n자기 분위기 잘 나온 한 장을 더 좋아한다는 거,image_recommended,none,no,yes,dreamy-wildflower|datecam-film|idol-photocard,2026-06-18 12:56,draft,
second_167,저장보다 공유가 먼저 나오는 결과는\n확실히 따로 있음\n\n내 기준엔 반응할 문장이 저절로 떠오르는 결과가 그렇더라,soft_cta,none,no,no,datecam-film|dreamy-celebratory|coquette-ribbon,2026-06-18 14:41,draft,
first_155,오늘 하루 그냥 지나간 것 같았는데\n결과물 한 장 건지고 나니까\n갑자기 오늘이 조금 특별해진 느낌이었어 🙂\nhttps://www.styledrop.cloud/,direct_cta,direct,yes,yes,idol-photocard|red-carpet-glam|dreamy-wildflower,2026-06-18 17:39,draft,
second_168,이거 친구한테 보내면\n“뭐야 ㅋㅋ”가 먼저 나올지 “오 괜찮네”가 먼저 나올지\n예상하는 재미도 있음,soft_cta,none,no,no,datecam-film|dreamy-celebratory|coquette-ribbon,2026-06-18 19:41,draft,
first_255,이 시간엔 친구한테\n야 나 이거 해봤는데 너도 해봐\n보내기 딱 좋음 😶\nhttps://www.styledrop.cloud/,direct_cta,direct,yes,yes,idol-photocard|red-carpet-glam|dreamy-wildflower,2026-06-18 21:15,draft,
second_169,좋은 결과는 혼자 아끼게 되고\n재밌는 결과는 꼭 보내게 되더라\n\n이번엔 후자의 순간을 더 늘리고 싶었음,soft_cta,none,no,no,datecam-film|dreamy-celebratory|coquette-ribbon,2026-06-19 10:56,draft,
first_057,내가 만든 서비스라 더 그런지\n결과 뜨는 순간마다 아직도 약간 긴장됨\n반응이 너무 궁금해서,image_recommended,none,no,yes,dreamy-wildflower|datecam-film|idol-photocard,2026-06-19 12:39,draft,
second_170,친구랑 같이 해보는 서비스는\n결과물 자체보다 대화가 생기느냐가 더 중요하더라\n\n나는 그쪽을 꽤 크게 봤다,soft_cta,none,no,no,datecam-film|dreamy-celebratory|coquette-ribbon,2026-06-19 14:47,draft,
first_156,친구한테 조용히 보내기 좋은 서비스\n너 이거 하면 어떤 결과 나올지 궁금하다\n이 말 붙이기 딱 좋음,image_recommended,none,no,yes,dreamy-wildflower|datecam-film|idol-photocard,2026-06-19 17:41,draft,
second_171,가볍게 보내봤는데\n상대가 자기 사진으로 다시 해보는 순간이 있음\n\n그 흐름이 생기면 서비스가 확 살아난다,soft_cta,soft,no,no,datecam-film|dreamy-celebratory|coquette-ribbon,2026-06-19 19:14,draft,
first_256,나도 원래 밤엔 뭐 잘 안 시작하는데\n이건 한 장만 올려보자 했다가\n은근 길어졌어,text_only,none,no,no,,2026-06-19 21:45,draft,
second_172,혼자 보기보다\n친구 하나 떠오를 때 더 재밌는 카드들이 있음\n\n공유성 있는 쪽 좋아하면 여기서 바로 감 올 거야\nstyledrop.cloud,direct_cta,none,yes,no,idol-photocard|red-carpet-glam|dreamy-wildflower,2026-06-20 10:04,draft,
first_058,AI 프로필은 솔직히 기대 안 했는데\n의외로 가장 바로 쓰고 싶어진 기능이었어\n프사 갈아타고 싶을 정도,text_only,none,no,no,,2026-06-20 12:33,draft,
second_173,친구한테 먼저 보낼 카드가\n멋있는 쪽인지 웃긴 쪽인지 골라보는 재미가 있음\n\n같이 보기 좋은 장면들은 여기\nstyledrop.cloud,direct_cta,none,yes,no,idol-photocard|red-carpet-glam|dreamy-wildflower,2026-06-20 14:20,draft,
first_157,퇴근길에 퍼스널컬러 결과 보면\n내가 왜 자꾸 같은 색만 고르는지\n조금은 이해하게 돼,image_recommended,none,no,yes,dreamy-wildflower|datecam-film|idol-photocard,2026-06-20 17:48,draft,
second_174,2인 카드가 왜 재밌냐면\n결과보다 대화가 먼저 생기기 때문이더라\n\n그 감각 궁금하면 styledrop.cloud,direct_cta,none,yes,no,idol-photocard|red-carpet-glam|dreamy-wildflower,2026-06-20 19:41,draft,
first_257,서부 총잡이 결과 보고\n괜히 내 안에 저런 표정이 있었나 싶더라\n이런 발견이 재밌음,image_recommended,none,no,yes,dreamy-wildflower|datecam-film|idol-photocard,2026-06-20 21:35,draft,
second_175,혼자 보기에 끝나는 서비스는 금방 식고\n공유 한번 붙는 순간 체감이 확 달라짐\n\n그쪽 흐름 신경 쓴 건 여기서 볼 수 있음\nstyledrop.cloud,direct_cta,none,yes,no,idol-photocard|red-carpet-glam|dreamy-wildflower,2026-06-21 10:45,draft,
first_059,퍼컬도 넣고\n감성 카드도 넣고\n오디션도 넣고\n결국 다 나를 다르게 보는 재미 쪽으로 모이더라,text_only,none,no,no,,2026-06-21 12:26,draft,
second_176,반응 오기 쉬운 결과를 좋아한다면\n이건 친구랑 같이 볼 때 더 재밌을 수 있음\n\nstyledrop.cloud,direct_cta,none,yes,no,idol-photocard|red-carpet-glam|dreamy-wildflower,2026-06-21 14:46,draft,
first_158,내 얼굴이 갑자기 우주비행사로 나왔는데\n웃기기보다 묘하게 잘 어울려서\n오히려 진지하게 보게 되더라,text_only,none,no,no,,2026-06-21 17:46,draft,
second_177,단톡방용 결과가 좋은지\n스토리용 결과가 좋은지\n그 취향부터 나뉘는 게 재밌다\n\nstyledrop.cloud,direct_cta,none,yes,no,idol-photocard|red-carpet-glam|dreamy-wildflower,2026-06-21 19:47,draft,
first_258,퍼스널컬러처럼 실용적인 것도 있고\n그냥 놀기 좋은 것도 있는데\n밤엔 둘 다 다르게 들어와,text_only,none,no,no,,2026-06-21 21:23,draft,
second_178,친구 얼굴 하나 떠오르는 순간\n이 서비스는 반쯤 시작된 거라고 봄\n\n그런 카드들 궁금하면 styledrop.cloud,direct_cta,none,yes,no,idol-photocard|red-carpet-glam|dreamy-wildflower,2026-06-22 10:43,draft,
first_060,점심 먹고 피곤할 때\n이상하게 이런 게 더 잘 들어온다\n가볍게 보고 웃고 넘기기 좋아 🙂\nhttps://www.styledrop.cloud/,direct_cta,direct,yes,yes,idol-photocard|red-carpet-glam|dreamy-wildflower,2026-06-22 12:49,draft,
second_179,공유가 안 되는 결과는 빨리 잊히고\n반응이 붙는 결과는 오래 남더라\n\n그 차이를 보고 만들었음\nstyledrop.cloud,direct_cta,none,yes,no,idol-photocard|red-carpet-glam|dreamy-wildflower,2026-06-22 14:26,draft,
first_159,이 서비스는 결국\n예쁜 셀카를 만드는 것보다\n내 분위기를 꺼내는 쪽이 더 가까워,text_only,none,no,no,,2026-06-22 17:11,draft,
second_180,혼자도 괜찮지만\n누군가랑 같이 보면 더 살아나는 카드들이 있음\n\n그 느낌 보고 싶으면 styledrop.cloud,direct_cta,none,yes,no,idol-photocard|red-carpet-glam|dreamy-wildflower,2026-06-22 19:17,draft,
first_259,혼자 만든 서비스인데\n밤에 보면 조금 덜 서비스 같고\n조금 더 개인 작업물처럼 느껴질 때가 있어,text_only,none,no,no,,2026-06-22 21:16,draft,
second_181,전에는 AI 사진이\n잘 나왔는지만 봤고\n\n지금은 어떤 장면을 고를지 고민하는 시간이 더 중요해졌음,before_after_recommended,none,no,yes,rainy-crosswalk|club-flash|red-carpet-glam,2026-06-23 10:54,draft,
first_061,방금 다시 테스트해봤는데\n이번엔 관상 결과가 좀 맞는 것 같아서 웃겼음\n너무 진지하게 보면 안 되는데 자꾸 보게 됨,image_recommended,none,no,yes,dreamy-wildflower|datecam-film|idol-photocard,2026-06-23 12:02,draft,
second_182,예전엔 결과 저장이 끝이었는데\n이제는 다른 카드까지 보게 되면 성공이라고 느낌\n\n사용 흐름이 완전히 달라졌음,before_after_recommended,none,no,yes,rainy-crosswalk|club-flash|red-carpet-glam,2026-06-23 14:33,draft,
first_160,퇴근 후에 보면\n낮엔 지나쳤던 디테일이 더 들어와\n그래서 이 시간대에 써본 사람 반응이 궁금해\nhttps://www.styledrop.cloud/,direct_cta,direct,yes,yes,idol-photocard|red-carpet-glam|dreamy-wildflower,2026-06-23 17:05,draft,
second_183,전:\n무난하게 예쁜 결과\n\n후:\n누가 봐도 한마디 나오게 만드는 결과\n\n나는 요즘 후자가 더 좋더라,before_after_recommended,none,no,yes,rainy-crosswalk|club-flash|red-carpet-glam,2026-06-23 19:08,draft,
first_260,지금 이 시간에 조용히 해보기 좋은 이유\n결과 뜨고 나면 바로 말 안 해도\n혼자 한 번 더 보게 되거든 👀\nhttps://www.styledrop.cloud/,direct_cta,direct,yes,yes,idol-photocard|red-carpet-glam|dreamy-wildflower,2026-06-23 21:22,draft,
second_184,필터 중심으로 생각할 땐\n결과가 다 비슷해질 수밖에 없었음\n\n장면 중심으로 옮기니까 체감이 꽤 달라졌다,text_only,none,no,no,,2026-06-24 10:51,draft,
first_062,혼자 개발하고 디자인하면\n작은 디테일 하나에도 집착하게 되더라\n결과물 톤도 꽤 오래 손봤어,image_recommended,none,no,yes,dreamy-wildflower|datecam-film|idol-photocard,2026-06-24 12:49,draft,
second_185,전에는 보정앱처럼 느껴졌다면\n지금은 작은 놀이 서비스에 더 가까운 느낌임\n\n만드는 기준도 같이 바뀌더라,before_after_recommended,none,no,yes,rainy-crosswalk|club-flash|red-carpet-glam,2026-06-24 14:55,draft,
first_161,사람 사이에 치이고 돌아가는 길에\n나를 너무 현실적으로만 보게 될 때가 있잖아\n그때 조금 다른 창을 열어주는 느낌으로 만들었어,text_only,none,no,no,,2026-06-24 17:25,draft,
second_186,잘 나온 얼굴을 만드는 것과\n다음 장면이 궁금하게 만드는 것은 다르더라\n\n이번엔 후자 쪽으로 조금 더 기울였다,text_only,none,no,no,,2026-06-24 19:49,draft,
first_261,낮에는 지나쳤던 컷이\n밤엔 갑자기 제일 마음에 들 때가 있어\n분위기가 시간을 타나 봄,text_only,none,no,no,,2026-06-24 21:38,draft,
second_187,예전엔 한 장 만들고 끝나는 사용성이었다면\n지금은 하나 만들고 옆 카드도 눌러보는 흐름을 더 봄\n\n이 차이가 은근 크다,before_after_recommended,soft,no,yes,rainy-crosswalk|club-flash|red-carpet-glam,2026-06-25 10:14,draft,
first_063,사진 보정 서비스 같아 보여도\n실제로는 내 분위기를 해석하는 재미가 더 커\n그래서 더 오래 남는 듯,image_recommended,none,no,yes,dreamy-wildflower|datecam-film|idol-photocard,2026-06-25 12:28,draft,
second_188,무난한 카드만 있으면\n처음엔 편해도 금방 심심해지더라\n\n강약을 섞으니까 확실히 반응 폭이 넓어졌음,text_only,none,no,no,,2026-06-25 14:24,draft,
first_162,1인 개발로 만든 서비스라\n크게 소리치기보다\n이렇게 조용히 써달라고 말하게 된다,text_only,none,no,no,,2026-06-25 17:06,draft,
second_189,전:\n결과 중심 사고\n\n후:\n선택 순간 중심 사고\n\n서비스를 보는 시선이 완전히 달라졌음,before_after_recommended,none,no,yes,rainy-crosswalk|club-flash|red-carpet-glam,2026-06-25 19:06,draft,
first_262,나만 아직 무드 있는 프사 없나\n이 생각 들기 시작하면\n결국 한 번 눌러보게 되는 듯,soft_cta,soft,no,yes,datecam-film|dreamy-celebratory|coquette-ribbon,2026-06-25 21:40,draft,
second_190,잘 만든 결과보다\n잘 고르게 만드는 구조가 더 어렵더라\n\n그래서 오히려 그 부분을 더 많이 만지게 됐다,text_only,none,no,no,,2026-06-26 10:38,draft,
first_064,점심시간에 친구랑 같이 해보기 좋은 이유\n결과 보고 바로 놀리거나 칭찬할 수 있음\n그게 은근 재밌음,soft_cta,soft,no,yes,datecam-film|dreamy-celebratory|coquette-ribbon,2026-06-26 12:53,draft,
second_191,전엔 얼굴 변화가 핵심이었다면\n지금은 장면 변화가 훨씬 더 재미 포인트로 느껴짐\n\n이건 직접 만들면서 더 확신하게 됐음,before_after_recommended,none,no,yes,rainy-crosswalk|club-flash|red-carpet-glam,2026-06-26 14:45,draft,
first_163,오늘 거울 속 내가 너무 평범해 보이면\n다른 세계관 버전의 나를 한 번 보는 것도 재밌어\n생각보다 기분 전환 잘 됨,text_only,none,no,no,,2026-06-26 17:40,draft,
second_192,비슷한 톤만 모아두면\n예쁘긴 해도 기억에는 잘 안 남더라\n\n결이 다른 카드들을 섞어놓으니 체감이 달라짐,text_only,none,no,no,,2026-06-26 19:53,draft,
first_263,내가 보는 너 결과는\n밤에 보면 진짜 오래 남아\n별생각 없던 사람도 떠오르게 만들거든,image_recommended,none,no,yes,dreamy-wildflower|datecam-film|idol-photocard,2026-06-26 21:16,draft,
second_193,결과를 보는 서비스에서\n고르는 서비스로 이동한 느낌이 있음\n\n작은 변화인데 몰입도는 꽤 커졌다,before_after_recommended,none,no,yes,rainy-crosswalk|club-flash|red-carpet-glam,2026-06-27 10:18,draft,
first_065,무료로 열어둔 거라\n한 번 해보고 아니면 말아도 돼\n근데 생각보다 한 번으로 안 끝날 수도 있음 👀\nhttps://www.styledrop.cloud/,direct_cta,direct,yes,yes,idol-photocard|red-carpet-glam|dreamy-wildflower,2026-06-27 12:30,draft,
second_194,전에는 기술을 보여주는 느낌이었다면\n지금은 놀이감을 꺼내놓는 느낌에 더 가까움\n\n그래서 톤도 훨씬 가볍게 잡게 됐음,text_only,soft,no,no,,2026-06-27 14:46,draft,
first_164,AI 프로필은 그냥 덤처럼 넣었는데\n의외로 퇴근 후 반응이 제일 좋더라\n다들 프사 바꾸고 싶은 시간인가 봐,text_only,none,no,no,,2026-06-27 17:50,draft,
second_195,프로필용으로 보는 시선과\n공유용으로 보는 시선은 정말 다르더라\n\n이번엔 두 시선을 같이 놓고 설계했음,before_after_recommended,none,no,yes,rainy-crosswalk|club-flash|red-carpet-glam,2026-06-27 19:13,draft,
first_264,혼자 만들면서 제일 오래 붙잡았던 건\n결과가 너무 인위적으로 안 보이게 하는 거였어\n밤에 봐도 덜 튀게,image_recommended,none,no,yes,dreamy-wildflower|datecam-film|idol-photocard,2026-06-27 21:58,draft,
second_196,예측 가능한 결과만 쌓이면\n아무리 안정적이어도 호기심이 빨리 줄더라\n\n그래서 낯섦을 조금 더 남겨뒀다,text_only,none,no,no,,2026-06-28 10:49,draft,
first_066,내 얼굴이 영화 속 인물처럼 나오면\n좀 민망할 줄 알았는데\n생각보다 마음에 드는 컷이 생겨서 놀람,text_only,none,no,no,,2026-06-28 12:03,draft,
second_197,한 장 완성에 집중하던 때보다\n여러 장을 넘겨보는 흐름을 볼 때가 더 재밌어졌다\n\n서비스가 조금 더 살아 있는 느낌이 남,before_after_recommended,none,no,yes,rainy-crosswalk|club-flash|red-carpet-glam,2026-06-28 14:26,draft,
first_165,하루 끝자락에\n나를 다른 무드로 다시 만나는 경험\n이상하게 그것만으로도 좀 풀리는 게 있어 ✨\nhttps://www.styledrop.cloud/,direct_cta,direct,yes,yes,idol-photocard|red-carpet-glam|dreamy-wildflower,2026-06-28 17:46,draft,
second_198,예전엔 퀄이 전부라고 생각했는데\n요즘은 반응성이 더 중요하다고 느낀다\n\n좋아요보다 한마디 나오는 결과가 더 세더라,before_after_recommended,none,no,yes,rainy-crosswalk|club-flash|red-carpet-glam,2026-06-28 19:02,draft,
first_265,사진 한 장인데도\n이상하게 지금의 기분까지 같이 바뀌는 순간이 있음\n그게 이 시간엔 더 크게 와 🌙\nhttps://www.styledrop.cloud/,direct_cta,direct,yes,yes,idol-photocard|red-carpet-glam|dreamy-wildflower,2026-06-28 21:45,draft,
second_199,결과를 저장하는 편인지\n친구 보내는 편인지에 따라 보는 포인트가 달라지더라\n\n다들 어느 쪽이 더 큰지 궁금함,soft_cta,none,no,no,datecam-film|dreamy-celebratory|coquette-ribbon,2026-06-29 10:42,draft,
first_067,개발자 입장에서 만든 거지만\n결국 쓰는 사람은 재미 있어야 하니까\n그 부분을 제일 먼저 챙겼어,text_only,none,no,no,,2026-06-29 12:30,draft,
second_200,처음엔 얼굴이 얼마나 잘 바뀌는지에 집중했고\n지금은 분위기가 얼마나 확 바뀌는지에 더 집중함\n\n이 차이가 생각보다 큼,soft_cta,none,no,no,datecam-film|dreamy-celebratory|coquette-ribbon,2026-06-29 14:31,draft,
first_166,혼자 만든 거라 부끄럽기도 한데\n그래도 이런 건 직접 말해야 사람들이 알더라\n퇴근길에 한 번만 봐줘도 좋겠어,text_only,none,no,no,,2026-06-29 17:18,draft,
second_201,전엔 한 장 뽑고 끝나는 느낌이었고\n지금은 옆 카드까지 이어지는 느낌이 목표임\n\n심심풀이 서비스일수록 이게 중요하더라,before_after_recommended,none,no,yes,rainy-crosswalk|club-flash|red-carpet-glam,2026-06-29 19:48,draft,
first_266,불 꺼진 방에서 보게 되는 서비스는\n결과가 예뻐야 하는 게 아니라\n계속 생각나야 한다고 느꼈어,image_recommended,none,no,yes,dreamy-wildflower|datecam-film|idol-photocard,2026-06-29 21:18,draft,
second_202,무난하게 잘 나오는 쪽이 좋은지\n의외성 있는 쪽이 더 좋은지\n\n요즘은 진짜 후자 선호가 커진 것 같음,soft_cta,none,no,no,datecam-film|dreamy-celebratory|coquette-ribbon,2026-06-30 10:55,draft,
first_068,점심시간에 무드 전환용으로\n이런 건 꽤 괜찮지 않나 싶다\n한 장 넣으면 금방 결과가 떠서,image_recommended,none,no,yes,dreamy-wildflower|datecam-film|idol-photocard,2026-06-30 12:05,draft,
second_203,예전엔 기술 데모처럼 보였다면\n지금은 친구랑 같이 노는 콘텐츠처럼 보이게 만들고 싶었음\n\n같은 AI라도 체감은 완전히 다르더라,soft_cta,none,no,no,datecam-film|dreamy-celebratory|coquette-ribbon,2026-06-30 14:34,draft,
first_167,오늘처럼 피곤한 날은\n관상 테스트 같은 것도 괜히 더 재밌어\n진지하지 않아서 오히려 좋고,text_only,none,no,no,,2026-06-30 17:39,draft,
second_204,결과 하나만 잘 뽑히면 된다고 생각하던 때보다\n지금은 첫 클릭이 재밌어야 한다는 확신이 훨씬 큼\n\n이 포인트 진짜 중요함,before_after_recommended,soft,no,yes,rainy-crosswalk|club-flash|red-carpet-glam,2026-06-30 19:41,draft,
first_267,내 얼굴이 우주비행사처럼 나왔는데\n웃기다보다 더 멀리 가고 싶은 기분이 들더라\n밤에는 이런 해석도 가능함,text_only,none,no,no,,2026-06-30 21:23,draft,
second_205,프로필 저장용 컷이 더 좋은지\n단톡 반응용 컷이 더 좋은지\n\n둘 다 원하는 사람 많을 것 같은데 나는 후자도 꽤 크게 봄,soft_cta,none,no,no,datecam-film|dreamy-celebratory|coquette-ribbon,2026-07-01 10:07,draft,
first_069,내가 보는 너 기능은\n처음엔 장난처럼 붙였는데\n생각보다 사람 마음을 건드리는 쪽이 있더라,text_only,none,no,no,,2026-07-01 12:07,draft,
second_206,무난한 결과를 여러 개 쌓는 것보다\n성격 다른 결과를 한두 개 남기는 게 더 강하더라\n\n그래서 카드 톤을 더 벌려봤다,soft_cta,none,no,no,datecam-film|dreamy-celebratory|coquette-ribbon,2026-07-01 14:12,draft,
first_168,내가 보기엔 그냥 내 얼굴인데\n결과물 속에선 낯설고 또 나 같아서\n그 묘한 느낌이 좋아,image_recommended,none,no,yes,dreamy-wildflower|datecam-film|idol-photocard,2026-07-01 17:42,draft,
second_207,전:\nAI 결과를 보는 재미\n\n후:\n내 사진으로 장면을 고르는 재미\n\n생각보다 후자가 훨씬 오래 감,before_after_recommended,none,no,yes,rainy-crosswalk|club-flash|red-carpet-glam,2026-07-01 19:58,draft,
first_268,AI 프로필 한 장 잘 뽑히면\n괜히 내일 아침부터 바꾸고 싶어짐\n밤이 그런 결심을 잘 만들지,text_only,none,no,no,,2026-07-01 21:15,draft,
second_208,다들 결과 보고 감탄하는 편인지\n고르기 전에 더 설레는 편인지 궁금하다\n\n나는 확실히 두 번째 쪽,soft_cta,none,no,no,datecam-film|dreamy-celebratory|coquette-ribbon,2026-07-02 10:57,draft,
first_070,사진 한 장으로\n나를 조금 다르게 보게 되는 순간이 있음\n그 재미로 계속 손보는 중 ✨\nhttps://www.styledrop.cloud/,direct_cta,direct,yes,yes,idol-photocard|red-carpet-glam|dreamy-wildflower,2026-07-02 12:23,draft,
second_209,처음엔 예쁜 결과가 전부였는데\n지금은 이야기 붙는 결과가 더 중요해졌다\n\n서비스를 보는 눈도 같이 달라짐,soft_cta,none,no,no,datecam-film|dreamy-celebratory|coquette-ribbon,2026-07-02 14:37,draft,
first_169,친구랑 같이 해보면 좋은 이유\n서로 놀리기 시작했다가\n나중엔 각자 제일 잘 나온 컷 저장하게 됨,text_only,none,no,no,,2026-07-02 17:53,draft,
second_210,혼자 사용하는 도구처럼 보이던 단계에서\n지금은 가볍게 공유하는 콘텐츠처럼 보이게 옮겨온 느낌임\n\n이 결이 꽤 다르다,before_after_recommended,soft,no,yes,rainy-crosswalk|club-flash|red-carpet-glam,2026-07-02 19:37,draft,
first_269,혼자 만든 걸 이렇게 올려놓고\n밤마다 괜히 새로고침하는 마음\n아는 사람은 알 거야,text_only,none,no,no,,2026-07-02 21:24,draft,
second_211,장면의 힘이 큰지\n얼굴 변환의 힘이 큰지\n만들다 보면 생각보다 답이 자주 바뀌더라\n\n지금은 전자가 더 크게 느껴짐,soft_cta,none,no,no,datecam-film|dreamy-celebratory|coquette-ribbon,2026-07-03 10:20,draft,
first_071,점심 먹다가 우연히 들어온 사람도\n바로 이해할 수 있게 만들고 싶었어\n설명 길면 나도 안 읽으니까,text_only,none,no,no,,2026-07-03 12:19,draft,
second_212,전에는 결과물 퀄을 설명했다면\n지금은 어떤 재미가 생기는지를 말하게 되더라\n\n서비스 성격이 달라졌다는 뜻 같음,soft_cta,none,no,no,datecam-film|dreamy-celebratory|coquette-ribbon,2026-07-03 14:28,draft,
first_170,퇴근길엔 뭔가 추천하고 싶은 마음이 생기잖아\n그때 무난하게 건네기 좋은 서비스로 만들고 싶었어\nhttps://www.styledrop.cloud/,direct_cta,direct,yes,yes,idol-photocard|red-carpet-glam|dreamy-wildflower,2026-07-03 17:37,draft,
second_213,예전엔 뭘 해주는지가 중요했고\n지금은 어떤 기분으로 쓰게 되는지가 더 중요해졌음\n\n가벼운 서비스일수록 특히,before_after_recommended,none,no,yes,rainy-crosswalk|club-flash|red-carpet-glam,2026-07-03 19:12,draft,
first_270,지금 보면 아마\n나도 하나쯤 만들어둘까 싶어질 수도 있음\n그게 너무 과하지 않게 오면 좋겠어서 이렇게 만들었어\nhttps://www.styledrop.cloud/,direct_cta,direct,yes,yes,idol-photocard|red-carpet-glam|dreamy-wildflower,2026-07-03 21:54,draft,
second_214,퀄 좋은 한 장과\n반응 오는 한 장 중 하나만 고르면\n다들 어느 쪽을 고를지 궁금하다\n\n나는 요즘 후자 쪽으로 기움,soft_cta,none,no,no,datecam-film|dreamy-celebratory|coquette-ribbon,2026-07-04 10:39,draft,
first_072,내가 만든 서비스인데\n친구들이 먼저 자기 사진 넣어보는 거 보니까\n묘하게 뿌듯했음,image_recommended,none,no,yes,dreamy-wildflower|datecam-film|idol-photocard,2026-07-04 12:52,draft,
second_215,보정 감도 위주에서\n장면 체험 위주로 보는 시선이 생기니까\n같은 서비스도 완전히 다르게 느껴지더라,soft_cta,soft,no,no,datecam-film|dreamy-celebratory|coquette-ribbon,2026-07-04 14:25,draft,
first_171,오늘따라 유난히 지쳤는데\n내가 만든 기능 몇 개 다시 돌려보니까\n이상하게 조금은 기분이 살아났다,text_only,none,no,no,,2026-07-04 17:55,draft,
second_216,예전엔 결과를 모으는 느낌이었고\n지금은 장면을 넘겨보는 느낌이 더 강함\n\n가볍게 즐기기엔 후자가 확실히 낫더라,before_after_recommended,soft,no,yes,rainy-crosswalk|club-flash|red-carpet-glam,2026-07-04 19:48,draft,
first_271,밤에는 설명이 길면 안 읽게 되더라\n그래서 그냥 사진 넣고 바로 결과 보는 흐름으로 만들었어\n생각은 그다음에 해도 되니까,image_recommended,none,no,yes,dreamy-wildflower|datecam-film|idol-photocard,2026-07-04 21:47,draft,
second_217,한 장 완성 중심에서\n여러 장면 체험 중심으로 옮긴 이유가 궁금하다면\n\n보면 바로 감 올 거야\nstyledrop.cloud,before_after_recommended,soft,yes,yes,rainy-crosswalk|club-flash|red-carpet-glam,2026-07-05 10:56,draft,
first_073,그냥 필터처럼 소비되는 건 싫어서\n조금 더 이야기 생기는 결과를 만들고 싶었어\n그래서 카드 느낌으로 갔음,image_recommended,none,no,yes,dreamy-wildflower|datecam-film|idol-photocard,2026-07-05 12:10,draft,
second_218,결과물 퀄만 보던 시선에서\n고르는 재미를 보는 시선으로 꽤 달라졌음\n\n그 차이를 담은 쪽은 여기\nstyledrop.cloud,direct_cta,none,yes,no,idol-photocard|red-carpet-glam|dreamy-wildflower,2026-07-05 14:00,draft,
first_172,사람들이 날 어떻게 보는지 묻기 어려울 때\n익명으로 슬쩍 확인하는 방식이 더 편하더라\n그걸 그냥 기능으로 만든 거야,text_only,none,no,no,,2026-07-05 17:48,draft,
second_219,무난하게 잘 나오는 쪽이 좋은지\n의외성 있는 장면이 좋은지\n취향 비교하듯 보기 좋은 곳\nstyledrop.cloud,direct_cta,none,yes,no,idol-photocard|red-carpet-glam|dreamy-wildflower,2026-07-05 19:02,draft,
first_272,감성 카드 결과는\n밤에 보면 유독 저장 욕구가 세짐\n낮보다 덜 민망해서 그런가,image_recommended,none,no,yes,dreamy-wildflower|datecam-film|idol-photocard,2026-07-05 21:32,draft,
second_220,보정앱처럼 소비되는 느낌보다\n가볍게 장면 고르는 서비스에 더 가깝게 바꿔봤음\n\nstyledrop.cloud,before_after_recommended,soft,yes,yes,rainy-crosswalk|club-flash|red-carpet-glam,2026-07-06 10:43,draft,
first_074,점심시간에 보기 좋은 이유는\n별생각 없이 눌렀다가\n어 이거 뭐야 하고 한 번 더 보게 된다는 거,text_only,none,no,no,,2026-07-06 12:52,draft,
second_221,예전엔 결과 저장이 끝이었다면\n지금은 다른 카드까지 눌러보면 성공이라 본다\n\n그 흐름 궁금하면 styledrop.cloud,direct_cta,soft,yes,no,idol-photocard|red-carpet-glam|dreamy-wildflower,2026-07-06 14:18,draft,
first_173,퇴근 후에 드는 생각들은 대체로 솔직해서\n이 시간대 반응이 제일 믿음이 간다\n그래서 더 떨림,text_only,none,no,no,,2026-07-06 17:16,draft,
second_222,프로필용으로 볼지\n친구 공유용으로 볼지\n그 시선 따라 체감이 꽤 달라질 거야\n\nstyledrop.cloud,direct_cta,none,yes,no,idol-photocard|red-carpet-glam|dreamy-wildflower,2026-07-06 19:29,draft,
first_273,내가 만든 서비스인데도\n이 시간엔 결과가 조금 낯설게 느껴져\n그래서 더 재밌어,image_recommended,none,no,yes,dreamy-wildflower|datecam-film|idol-photocard,2026-07-06 21:34,draft,
second_223,기술 데모처럼 보이는 AI보다\n가볍게 손 가는 AI가 더 오래 남더라\n\n그 방향으로 만든 결과가 여기 있음\nstyledrop.cloud,before_after_recommended,soft,yes,yes,rainy-crosswalk|club-flash|red-carpet-glam,2026-07-07 10:31,draft,
first_075,사진 한 장으로\n내 안에 없는 캐릭터가 생기는 게 아니라\n원래 있던 분위기를 과장해서 꺼내주는 느낌이야\nhttps://www.styledrop.cloud/,direct_cta,direct,yes,yes,idol-photocard|red-carpet-glam|dreamy-wildflower,2026-07-07 12:38,draft,
second_224,하나 잘 만드는 것보다\n계속 보게 만드는 쪽으로 시선을 옮겼음\n\n차이 느껴보고 싶으면 styledrop.cloud,direct_cta,none,yes,no,idol-photocard|red-carpet-glam|dreamy-wildflower,2026-07-07 14:20,draft,
first_174,혼자 일하면 이런 사소한 반응 하나가\n되게 큰 동력이 된다\n어 이거 괜찮네 한마디 같은 거,text_only,none,no,no,,2026-07-07 17:29,draft,
second_225,결과 중심에서 경험 중심으로 옮긴 게\n이번에 제일 큰 변화였음\n\n딱 그 결로 보고 싶으면 styledrop.cloud,before_after_recommended,none,yes,yes,rainy-crosswalk|club-flash|red-carpet-glam,2026-07-07 19:25,draft,
first_274,관상 테스트 같은 건\n원래 안 믿는데도\n밤엔 괜히 한 번 더 보게 된다,text_only,none,no,no,,2026-07-07 21:46,draft,
second_226,프로필 사진도\n평범한 컷보다 분위기 있는 컷을 고르는 사람이면\n이런 카드형 서비스에 꽤 잘 맞을 가능성이 큼,text_only,none,no,no,,2026-07-08 10:31,draft,
first_076,퍼스널컬러 결과 보다가\n내가 왜 특정 색에서 죽는지 조금 이해했어\n이런 사소한 깨달음이 의외로 재밌더라,image_recommended,none,no,yes,dreamy-wildflower|datecam-film|idol-photocard,2026-07-08 12:29,draft,
second_227,사진 찍는 건 귀찮은데\n재밌는 결과 구경하는 건 좋아하는 사람\n\n이 조합이면 이런 서비스가 은근 잘 맞더라,text_only,none,no,no,,2026-07-08 14:24,draft,
first_175,오늘 내 얼굴이 별로라고 느껴져도\n결과물 속에선 생각보다 멋있을 수 있음\n그걸 보면 괜히 덜 가라앉아 😶\nhttps://www.styledrop.cloud/,direct_cta,direct,yes,yes,idol-photocard|red-carpet-glam|dreamy-wildflower,2026-07-08 17:11,draft,
second_228,무드 있는 결과도 좋고\n웃긴 결과도 포기 못 하는 타입이면\n카드 구경하는 재미가 꽤 클 수 있음,text_only,none,no,no,,2026-07-08 19:24,draft,
first_275,지금 누워서 보고 있다면\n아마 한 번쯤 셀카 올려보고 싶어질 거야\n나도 그랬거든 🙂\nhttps://www.styledrop.cloud/,direct_cta,direct,yes,yes,idol-photocard|red-carpet-glam|dreamy-wildflower,2026-07-08 21:50,draft,
second_229,뻔한 건 싫은데\n너무 낯선 것도 부담스러운 사람 있잖아\n\n익숙한 내 얼굴로 살짝 다른 장면 보는 게 딱 맞을 수 있음,text_only,none,no,no,,2026-07-09 10:45,draft,
first_077,혼자 만들던 걸 올려두면\n반응이 없는 게 제일 무서운데\n그래서 더 한 번씩 눌러주면 감사함,soft_cta,soft,no,yes,datecam-film|dreamy-celebratory|coquette-ribbon,2026-07-09 12:16,draft,
second_230,새로운 앱 나오면\n기능 설명보다 감도부터 보는 사람이라면\n아마 카드 배열만 봐도 취향 갈릴 거다,text_only,none,no,no,,2026-07-09 14:44,draft,
first_176,퇴근 시간엔 너무 자극적인 건 싫고\n그렇다고 심심한 것도 싫잖아\n딱 그 중간 지점을 노렸어,text_only,none,no,no,,2026-07-09 17:49,draft,
second_231,밈도 좋아하지만\n프로필 느낌 나는 결과도 챙기고 싶은 사람\n\n의외로 이런 중간 취향이 가장 오래 머무르더라,text_only,none,no,no,,2026-07-09 19:49,draft,
first_276,나를 멋있게 만드는 것보다\n나를 흥미롭게 만드는 게 더 어렵더라\n그래서 오래 붙잡았어,text_only,none,no,no,,2026-07-09 21:06,draft,
second_232,혼자 노는 것도 좋아하지만\n재밌는 거 보면 바로 친구 하나 떠오르는 타입이면\n이런 서비스가 더 살아나게 느껴질 수 있음,text_only,none,no,no,,2026-07-10 10:08,draft,
first_078,AI 오디션 결과는\n매번 다른 말투로 나오는 것도 재밌음\n괜히 계속 다음 결과가 궁금해짐,image_recommended,none,no,yes,dreamy-wildflower|datecam-film|idol-photocard,2026-07-10 12:28,draft,
second_233,결과 퀄보다\n“이건 내 사진으로 보고 싶다”가 먼저 드는 사람이라면\n이런 카드형 구조를 더 재밌게 볼 가능성이 큼,text_only,none,no,no,,2026-07-10 14:39,draft,
first_177,사실 이 서비스의 핵심은\n변신 그 자체보다\n내가 나를 새로 보는 순간이라고 생각해,text_only,none,no,no,,2026-07-10 17:35,draft,
second_234,앱을 오래 쓰는 기준이\n완성도보다 취향 맞음에 가까운 사람들 있지\n\n그런 타입이면 장면 고르는 재미를 크게 느낄 듯,text_only,none,no,no,,2026-07-10 19:02,draft,
first_277,밤에 듣고 싶은 말은 예쁘다가 아니라\n와 너 이런 분위기도 있네일 때가 있잖아\n이 서비스는 좀 그쪽이야,text_only,none,no,no,,2026-07-10 21:25,draft,
second_235,사진 결과를 저장하는 것보다\n친구한테 보여주는 걸 더 좋아하는 사람이라면\n반응형 카드에 더 끌릴 수 있음,text_only,none,no,no,,2026-07-11 10:53,draft,
first_079,점심시간엔 뭔가 크게 결정 안 하잖아\n그냥 가볍게 구경하는 서비스가 좋음\n이건 그런 쪽이야,soft_cta,soft,no,yes,datecam-film|dreamy-celebratory|coquette-ribbon,2026-07-11 12:18,draft,
second_236,새로운 서비스 볼 때\n복잡한 설명 없이 바로 손부터 가는 사람이라면\n아마 카드형 UI를 편하게 느낄 가능성이 높음,text_only,none,no,no,,2026-07-11 14:49,draft,
first_178,직접 만든 서비스에 직접 내 사진 넣어보는 일\n생각보다 민망하고\n생각보다 더 재밌다,image_recommended,none,no,yes,dreamy-wildflower|datecam-film|idol-photocard,2026-07-11 17:16,draft,
second_237,프로필 감성도 챙기고 싶고\n가볍게 웃긴 것도 좋아하는 사람은\n의외로 취향 범위가 넓어서 더 재밌게 놀더라,text_only,soft,no,no,,2026-07-11 19:13,draft,
first_278,혼자 만든 거라 더 조심스러운데\n이상하게 밤에는 솔직하게 말하게 된다\n재밌으면 같이 놀아줘 봐,text_only,none,no,no,,2026-07-11 21:27,draft,
second_238,평소 선택할 때도\n무난한 것보다 캐릭터 있는 걸 고르는 편이면\n이런 서비스가 꽤 잘 맞을 수 있음,text_only,none,no,no,,2026-07-12 10:34,draft,
first_080,내 사진을 넣고\n내가 먼저 웃은 서비스라면\n일단 재미는 있는 거 아닌가 싶다 😶\nhttps://www.styledrop.cloud/,direct_cta,direct,yes,yes,idol-photocard|red-carpet-glam|dreamy-wildflower,2026-07-12 12:51,draft,
second_239,AI 서비스에서 기술보다 재미를 먼저 찾는 사람들 있잖아\n\n그런 사람들에겐 결과보다 카드 선택이 더 큰 포인트가 될 수도 있음,text_only,none,no,no,,2026-07-12 14:48,draft,
first_179,퇴근길은 묘하게 공유 욕구가 생겨\n친구 한 명 떠오르면 그걸로 된 것 같아\n이거 네가 하면 재밌겠다 싶은 서비스,text_only,none,no,no,,2026-07-12 17:54,draft,
second_240,“잘 나온 사진”보다\n“이거 나 한번 넣어보고 싶다”가 먼저 드는 타입이면\n장면형 서비스가 훨씬 잘 맞는다,text_only,none,no,no,,2026-07-12 19:11,draft,
first_279,내가 보는 너 기능은\n이 시간에 하면 살짝 마음 흔들릴 수도 있음\n익명이라 더 솔직하게 다가오니까,text_only,none,no,no,,2026-07-12 21:41,draft,
second_241,재밌는 거 발견하면\n혼자 저장하기보다 한 명한테 바로 보내는 사람이라면\n공유성 있는 카드에 더 끌릴 가능성이 큼,text_only,none,no,no,,2026-07-13 10:04,draft,
first_081,방금도 테스트하다가\n프로필용 컷 하나 건졌어\n혼자 만든 건데 혼자 제일 잘 쓰는 중,text_only,none,no,no,,2026-07-13 12:10,draft,
second_242,사진 찍는 건 민망한데\n결과 보는 건 또 좋아하는 사람 은근 많더라\n\n앨범 사진으로도 노는 구조가 이런 타입에 잘 맞음,text_only,none,no,no,,2026-07-13 14:18,draft,
first_180,회사 끝나고 난 뒤의 나를 위한 장난 같은 것\n근데 이상하게 조금 진심인 것\n내가 만들고 싶었던 건 대충 그런 거야\nhttps://www.styledrop.cloud/,direct_cta,direct,yes,yes,idol-photocard|red-carpet-glam|dreamy-wildflower,2026-07-13 17:48,draft,
second_243,조용한 무드도 좋지만\n너무 차분하기만 한 건 심심한 사람이라면\n강한 콘셉트 카드가 꽤 반가울 수 있음,text_only,none,no,no,,2026-07-13 19:21,draft,
first_280,지금 프사 바꿀까 말까 고민 중이면\n한 번쯤 이런 식으로 뽑아보는 것도 괜찮아 ✨\nhttps://www.styledrop.cloud/,direct_cta,direct,yes,yes,idol-photocard|red-carpet-glam|dreamy-wildflower,2026-07-13 21:59,draft,
second_244,가볍게 스크롤하다가도\n내 취향 카드 하나 보이면 바로 멈추는 사람 있지\n\n그런 반응을 잘 하는 타입이면 재밌을 가능성이 높음,text_only,soft,no,no,,2026-07-14 10:42,draft,
first_082,나를 꾸민다기보다\n나를 다른 쪽에서 비춰보는 느낌\n이런 서비스가 은근 오래 남더라,text_only,none,no,no,,2026-07-14 12:57,draft,
second_245,무거운 작업툴보다\n짧게 들어와서 놀 수 있는 서비스를 더 좋아하는 사람이라면\nStyleDrop 같은 결이 잘 맞을 수도 있음,text_only,none,no,no,,2026-07-14 14:10,draft,
first_181,내 얼굴이 카드처럼 정리돼서 나오면\n오늘 하루도 조금 정리되는 기분이 들더라\n그 느낌이 괜찮았어,text_only,none,no,no,,2026-07-14 17:45,draft,
second_246,내 사진으로 낯선 장면 보는 걸 좋아하는 사람은\n이런 서비스에서 금방 취향 카드 찾을 가능성이 큼\n\n본인도 이런 타입이면 저장해둘 만함,soft_cta,none,no,no,datecam-film|dreamy-celebratory|coquette-ribbon,2026-07-14 19:58,draft,
first_281,밤에는 왜 이렇게\n다들 나보다 앞서 있는 것처럼 느껴질까\n그럴 때 나도 하나 만들어두면 좀 덜 그렇더라,text_only,none,no,no,,2026-07-14 21:57,draft,
second_247,무드파인지 밈파인지\n하나만 고르기 애매한 사람들 꽤 많지 않나\n\n나는 둘 다 챙기는 타입이 제일 오래 본다고 봄,soft_cta,none,no,no,datecam-film|dreamy-celebratory|coquette-ribbon,2026-07-15 10:12,draft,
first_083,점심시간에 과하게 진지한 건 부담인데\n이건 딱 덜 부담스럽게 궁금해지는 정도로 만들었어,text_only,none,no,no,,2026-07-15 12:11,draft,
second_248,새 서비스 볼 때\n정보보다 감각을 먼저 보는 사람이라면\n카드형 구조가 훨씬 편할 수 있음\n\n이 취향 은근 많더라,soft_cta,none,no,no,datecam-film|dreamy-celebratory|coquette-ribbon,2026-07-15 14:04,draft,
first_182,퍼스널컬러 결과 보면서\n오늘 왜 이 옷이 안 어울렸는지 깨달으면\n조금 허탈하고 조금 재밌음,image_recommended,none,no,yes,dreamy-wildflower|datecam-film|idol-photocard,2026-07-15 17:29,draft,
second_249,친구랑 같이 웃는 결과가 좋은지\n혼자 저장해두는 결과가 좋은지\n\n이거에 따라 취향이 진짜 갈리는 듯,soft_cta,none,no,no,datecam-film|dreamy-celebratory|coquette-ribbon,2026-07-15 19:12,draft,
first_282,내 얼굴이 카드 한 장으로 정리되면\n하루가 끝난 느낌도 같이 들어\n그래서 자기 전에 보기 좋음,text_only,none,no,no,,2026-07-15 21:32,draft,
second_250,프로필 컷도 챙기고 싶고\n장난스러운 컷도 놓치기 싫은 사람이라면\n카드 여러 장 넘겨보는 재미를 크게 느낄 수 있음,soft_cta,none,no,no,datecam-film|dreamy-celebratory|coquette-ribbon,2026-07-16 10:01,draft,
first_084,몽골 전사 버전이 생각보다 잘 나와서\n원래 넣을까 말까 했던 스타일인데\n결국 남겨두길 잘한 듯,text_only,none,no,no,,2026-07-16 12:20,draft,
second_251,새로운 앱을 볼 때\n기능 먼저 파는지 분위기 먼저 보는지 궁금하다\n\n나는 완전 후자라 이런 서비스가 더 재밌음,soft_cta,none,no,no,datecam-film|dreamy-celebratory|coquette-ribbon,2026-07-16 14:45,draft,
first_183,혼자 개발하면서 제일 좋았던 순간은\n누가 써보고 바로 친구한테 보냈다는 얘기 들었을 때\n그 반응이 너무 좋더라,text_only,none,no,no,,2026-07-16 17:41,draft,
second_252,설명 길면 피곤한데\n결과는 재밌고 싶은 사람에게는\n이런 가벼운 카드형 서비스가 잘 맞는 편임,soft_cta,none,no,no,datecam-film|dreamy-celebratory|coquette-ribbon,2026-07-16 19:33,draft,
first_283,혼자 개발하는 밤은 늘 비슷한데\n누가 조용히 써주고 간 날은 좀 다르게 끝나더라\n그게 계속 기억나,text_only,none,no,no,,2026-07-16 21:33,draft,
second_253,멋있게 남는 결과가 좋은지\n친구 반응 오는 결과가 좋은지\n\n둘 다 포기 못 하는 사람 많을 듯,soft_cta,none,no,no,datecam-film|dreamy-celebratory|coquette-ribbon,2026-07-17 10:17,draft,
first_085,혼자 만드는 입장에선\n누가 들어와서 한 장만 올려줘도\n되게 큰 응원이 된다 🙂\nhttps://www.styledrop.cloud/,direct_cta,direct,yes,yes,idol-photocard|red-carpet-glam|dreamy-wildflower,2026-07-17 12:00,draft,
second_254,평소에도 선택할 때\n무난함보다 포인트 있는 걸 고르는 사람은\n의외로 강한 콘셉트 카드를 더 잘 즐기더라,soft_cta,none,no,no,datecam-film|dreamy-celebratory|coquette-ribbon,2026-07-17 14:42,draft,
first_184,퇴근 시간엔 설명 긴 거 안 보잖아\n그래서 최대한 바로 이해되고\n바로 결과 나오는 흐름으로 만들었어,image_recommended,none,no,yes,dreamy-wildflower|datecam-film|idol-photocard,2026-07-17 17:32,draft,
second_255,사진 서비스에서도\n너무 기능적인 것보다 감성 있는 쪽에 손이 가는 사람 있지\n\n나는 확실히 그쪽이라 이런 걸 더 만들게 됨,soft_cta,none,no,no,datecam-film|dreamy-celebratory|coquette-ribbon,2026-07-17 19:16,draft,
first_284,퍼스널컬러 결과 보면서\n내일 립 고를 핑계까지 생기면\n그걸로 이미 충분히 재밌는 체험 아닐까,soft_cta,soft,no,yes,datecam-film|dreamy-celebratory|coquette-ribbon,2026-07-17 21:56,draft,
second_256,반응형 콘텐츠 좋아하고\n짧게 놀 거 찾는 사람이라면\n이런 장면형 서비스가 꽤 잘 맞을 수 있음,soft_cta,none,no,no,datecam-film|dreamy-celebratory|coquette-ribbon,2026-07-18 10:15,draft,
first_086,친구랑 같이 돌려보면 좋은 이유\n결과가 진지해서 더 웃김\n장난으로 시작했다가 저장하게 됨,image_recommended,none,no,yes,dreamy-wildflower|datecam-film|idol-photocard,2026-07-18 12:50,draft,
second_257,프로필 바꾸는 데 진심인 사람과\n친구 보내는 데 진심인 사람\n둘 중 어느 쪽에 더 가까운지 스스로 보면 재밌다,soft_cta,none,no,no,datecam-film|dreamy-celebratory|coquette-ribbon,2026-07-18 14:57,draft,
first_185,하루 종일 기능만 보다가\n사람 얼굴이 올라간 결과물 볼 때\n그제야 서비스가 살아나는 느낌이 남아\nhttps://www.styledrop.cloud/,direct_cta,direct,yes,yes,idol-photocard|red-carpet-glam|dreamy-wildflower,2026-07-18 17:00,draft,
second_258,결과물 퀄도 보지만\n결국 취향 맞는지부터 따지는 사람이라면\n카드 구성이 훨씬 중요하게 느껴질 수 있음,soft_cta,none,no,no,datecam-film|dreamy-celebratory|coquette-ribbon,2026-07-18 19:16,draft,
first_285,나도 딱 그랬어\n구경만 하려다가 결과 하나 저장하고\n친구한테 보내고 있었음 👀\nhttps://www.styledrop.cloud/,direct_cta,direct,yes,yes,idol-photocard|red-carpet-glam|dreamy-wildflower,2026-07-18 21:20,draft,
second_259,익숙한 얼굴로 낯선 장면 보는 게 재밌는 사람과\n완전히 새로운 캐릭터 되는 게 좋은 사람\n둘 다 꽤 선명하게 갈리더라,soft_cta,none,no,no,datecam-film|dreamy-celebratory|coquette-ribbon,2026-07-19 10:36,draft,
first_087,내가 직접 만든 화면이라\n모서리 하나 색감 하나도 다 기억하는데\n거기에 결과가 딱 얹히는 순간이 좋더라,image_recommended,none,no,yes,dreamy-wildflower|datecam-film|idol-photocard,2026-07-19 12:10,draft,
second_260,가볍게 구경하다가\n하나 꽂히면 바로 해보는 스타일이면\n장면형 서비스에서 체감이 빠르게 올 수 있음,soft_cta,soft,no,no,datecam-film|dreamy-celebratory|coquette-ribbon,2026-07-19 14:57,draft,
first_186,오늘은 그냥\n나를 다른 무드로 한 번 보고 싶다\n이 마음이면 충분한 서비스야,text_only,none,no,no,,2026-07-19 17:29,draft,
second_261,무드 컷이 먼저인지\n웃긴 컷이 먼저인지\n자기 취향 체크해보는 용도로 봐도 은근 재밌다,soft_cta,none,no,no,datecam-film|dreamy-celebratory|coquette-ribbon,2026-07-19 19:48,draft,
first_286,밤에는 사람 얼굴보다\n사람 무드를 더 보게 돼\n그래서 결과도 그런 방향으로 만졌어,image_recommended,none,no,yes,dreamy-wildflower|datecam-film|idol-photocard,2026-07-19 21:28,draft,
second_262,결과 퀄보다 취향 맞는 장면이 중요한 사람이라면\n카드만 훑어봐도 바로 감이 올 수 있음\n\nstyledrop.cloud,direct_cta,none,yes,no,idol-photocard|red-carpet-glam|dreamy-wildflower,2026-07-20 10:24,draft,
first_088,점심시간에 심심해서 눌렀다가\n프사 후보 생기면\n그건 꽤 성공한 체험 아닐까,soft_cta,soft,no,yes,datecam-film|dreamy-celebratory|coquette-ribbon,2026-07-20 12:49,draft,
second_263,무드파인지 반응파인지\n어느 쪽에 가까운지 스스로 테스트해보고 싶다면\n\nstyledrop.cloud,direct_cta,none,yes,no,idol-photocard|red-carpet-glam|dreamy-wildflower,2026-07-20 14:53,draft,
first_187,내가 보는 너는\n친한 친구랑 하면 특히 재밌어\n서로 말 못 했던 인상 같은 게 슬쩍 보이거든,text_only,none,no,no,,2026-07-20 17:13,draft,
second_264,사진 찍는 건 귀찮은데\n결과 보는 건 좋아하는 타입이면\n이쪽이 꽤 편하게 느껴질 거야\n\nstyledrop.cloud,direct_cta,none,yes,no,idol-photocard|red-carpet-glam|dreamy-wildflower,2026-07-20 19:58,draft,
first_287,혼자 만든 서비스가\n누군가의 잠들기 전 3분을 차지한다는 거\n생각보다 되게 큰 일처럼 느껴진다,text_only,none,no,no,,2026-07-20 21:01,draft,
second_265,프로필용 먼저 볼지\n친구 공유용 먼저 볼지\n취향 따라 완전히 다르게 볼 수 있음\n\nstyledrop.cloud,direct_cta,none,yes,no,idol-photocard|red-carpet-glam|dreamy-wildflower,2026-07-21 10:54,draft,
first_089,퍼컬이든 프로필이든 카드든\n결국 다 내 얼굴로 노는 건데\n그게 생각보다 덜 가볍고 더 재밌어,text_only,none,no,no,,2026-07-21 12:18,draft,
second_266,무난함보다 포인트 있는 걸 고르는 사람은\n아마 강한 카드부터 손이 갈 가능성이 큼\n\n궁금하면 styledrop.cloud,direct_cta,none,yes,no,idol-photocard|red-carpet-glam|dreamy-wildflower,2026-07-21 14:41,draft,
first_188,퇴근길에 이런 거 하나쯤 있으면 좋더라\n복잡하지 않고\n기분만 살짝 바꿔주는 거,text_only,none,no,no,,2026-07-21 17:23,draft,
second_267,무드 있는 장면이 좋은지\n장난스러운 장면이 좋은지\n이것만 봐도 취향 드러난다\n\nstyledrop.cloud,direct_cta,none,yes,no,idol-photocard|red-carpet-glam|dreamy-wildflower,2026-07-21 19:30,draft,
first_288,서부 총잡이도 해보고\n우주비행사도 해보고\n결국 제일 오래 본 건 내 기본 분위기랑 비슷한 컷이더라,text_only,none,no,no,,2026-07-21 21:03,draft,
second_268,짧게 구경해도 감 오는 서비스 좋아하는 사람이라면\n카드형 구조가 꽤 잘 맞을 수 있음\n\nstyledrop.cloud,direct_cta,none,yes,no,idol-photocard|red-carpet-glam|dreamy-wildflower,2026-07-22 10:21,draft,
first_090,이건 광고라기보다\n내가 만든 거 한번 봐달라는 말에 가깝다\n근데 결과는 꽤 괜찮게 뽑힘 👀\nhttps://www.styledrop.cloud/,direct_cta,direct,yes,yes,idol-photocard|red-carpet-glam|dreamy-wildflower,2026-07-22 12:34,draft,
second_269,익숙한 셀카로 놀고 싶은지\n완전히 새로운 캐릭터가 되고 싶은지\n그 선을 고르는 재미가 있음\n\nstyledrop.cloud,direct_cta,none,yes,no,idol-photocard|red-carpet-glam|dreamy-wildflower,2026-07-22 14:31,draft,
first_189,혼자 만드는 서비스라 많이 부족할 수도 있지만\n그래도 재미 하나는 놓치고 싶지 않았어\n그건 끝까지 붙잡았음,text_only,none,no,no,,2026-07-22 17:36,draft,
second_270,결과보다 취향 카드 찾는 재미가 큰 사람이라면\n여기서 금방 자기 스타일 고를 수 있을 듯\n\nstyledrop.cloud,direct_cta,none,yes,no,idol-photocard|red-carpet-glam|dreamy-wildflower,2026-07-22 19:21,draft,
first_289,내가 보는 나 말고\n남이 느끼는 나까지 궁금해지는 시간\n대체로 밤이고\n그래서 이 기능이 더 잘 맞아,text_only,none,no,no,,2026-07-22 21:34,draft,
second_271,AI 사진이 다 비슷하게 느껴질 때는\n결과보다 장면부터 구경해보면 느낌이 달라짐\n\n가볍게 보기엔 여기 괜찮음\nstyledrop.cloud,direct_cta,soft,yes,no,idol-photocard|red-carpet-glam|dreamy-wildflower,2026-07-23 10:10,draft,
first_091,점심 먹고 아무 생각 없을 때\n이런 서비스가 제일 잘 먹히는 것 같아\n설명 안 길고 바로 결과 나오는 거,image_recommended,none,no,yes,dreamy-wildflower|datecam-film|idol-photocard,2026-07-23 12:26,draft,
second_272,예쁜 결과 하나보다\n다음 카드가 더 궁금한 쪽을 만들고 싶었음\n\n그 결이 궁금하면 styledrop.cloud,direct_cta,none,yes,no,idol-photocard|red-carpet-glam|dreamy-wildflower,2026-07-23 14:18,draft,
first_190,오늘 하루 다 쓴 얼굴로 넣어도\n생각보다 괜찮게 나온다는 게\n의외로 위안이 됐어 🙂\nhttps://www.styledrop.cloud/,direct_cta,direct,yes,yes,idol-photocard|red-carpet-glam|dreamy-wildflower,2026-07-23 17:41,draft,
second_273,광고처럼 세게 말하긴 싫고\n그냥 생각보다 오래 보게 된다는 말은 할 수 있겠다\n\n심심할 때 보면 감 올 거야\nstyledrop.cloud,direct_cta,none,yes,no,idol-photocard|red-carpet-glam|dreamy-wildflower,2026-07-23 19:04,draft,
first_290,불 꺼놓고 보기 좋은 결과가 있다는 말\n이상하지만 대충 무슨 뜻인지 알지 🌙\nhttps://www.styledrop.cloud/,direct_cta,direct,yes,yes,idol-photocard|red-carpet-glam|dreamy-wildflower,2026-07-23 21:12,draft,
second_274,내 얼굴로 다른 장면을 가볍게 체험해보고 싶다면\n복잡한 설명 없이 카드부터 보면 됨\n\nstyledrop.cloud,direct_cta,soft,yes,no,idol-photocard|red-carpet-glam|dreamy-wildflower,2026-07-24 10:21,draft,
first_092,내 사진이 서부 총잡이로 뜬 거 보고\n이상하게 오늘 업무보다 그게 더 기억남\n그 정도로 존재감은 있음,image_recommended,none,no,yes,dreamy-wildflower|datecam-film|idol-photocard,2026-07-24 12:51,draft,
second_275,필터처럼 지나가는 서비스 말고\n조금은 장면 구경하는 재미가 있는 쪽을 찾는다면\n\n이쪽이 더 맞을 수 있음\nstyledrop.cloud,direct_cta,none,yes,no,idol-photocard|red-carpet-glam|dreamy-wildflower,2026-07-24 14:37,draft,
first_191,퇴근하고 나면\n나를 위한 사소한 놀이가 필요하더라\n그래서 이런 서비스가 나온 것 같아,text_only,none,no,no,,2026-07-24 17:29,draft,
second_276,딱히 거창한 기능 얘기보다\n그냥 카드 몇 개 보는 재미가 꽤 있다는 쪽에 가까움\n\nstyledrop.cloud,direct_cta,none,yes,no,idol-photocard|red-carpet-glam|dreamy-wildflower,2026-07-24 19:29,draft,
first_291,하루 끝나고 나면\n결국 남는 건 몇 장의 장면뿐인 것 같아\n그중 하나가 됐으면 좋겠어서 만들었어,image_recommended,none,no,yes,dreamy-wildflower|datecam-film|idol-photocard,2026-07-24 21:39,draft,
second_277,눈길 가는 카드 하나만 있어도\nAI 사진 서비스 체감이 완전히 달라지더라\n\n그런 장면들 모아둔 곳\nstyledrop.cloud,direct_cta,none,yes,no,idol-photocard|red-carpet-glam|dreamy-wildflower,2026-07-25 10:53,draft,
first_093,한 장 넣었는데\n생각보다 내 분위기가 선명하게 잡혀서\n조금 신기했어,text_only,none,no,no,,2026-07-25 12:04,draft,
second_278,결과물 경쟁처럼 보이는 서비스들 사이에서\n장면 선택 재미를 먼저 꺼내고 싶었음\n\n궁금하면 styledrop.cloud,direct_cta,none,yes,no,idol-photocard|red-carpet-glam|dreamy-wildflower,2026-07-25 14:20,draft,
first_192,회사 일 말고\n내가 만든 걸 누가 써준다는 감각은\n아직도 쉽게 익숙해지지 않음,text_only,none,no,no,,2026-07-25 17:21,draft,
second_279,대단한 거 하자는 느낌보다\n짧게 들어와서 몇 장면 구경하는 느낌으로 보면 편함\n\nstyledrop.cloud,direct_cta,none,yes,no,idol-photocard|red-carpet-glam|dreamy-wildflower,2026-07-25 19:49,draft,
first_292,AI 오디션 결과가 괜히 오래 남는 이유\n밤엔 사소한 평가도 마음에 걸리니까\n근데 그래서 더 재밌기도 하고,image_recommended,none,no,yes,dreamy-wildflower|datecam-film|idol-photocard,2026-07-25 21:31,draft,
second_280,내 사진 넣고\n오늘은 어떤 장면이 더 어울릴지 보는 재미가 있음\n\n그 감각 좋아하면 styledrop.cloud,direct_cta,none,yes,no,idol-photocard|red-carpet-glam|dreamy-wildflower,2026-07-26 10:43,draft,
first_094,혼자 개발할 때 늘 아쉬운 게\n사람 반응을 바로 못 보는 건데\n그래서 더 많이 써봐줬으면 싶다,text_only,none,no,no,,2026-07-26 12:06,draft,
second_281,AI 사진이 뻔하게 느껴졌다면\n이번엔 결과보다 카드 고르는 순간을 먼저 봐도 됨\n\nstyledrop.cloud,direct_cta,none,yes,no,idol-photocard|red-carpet-glam|dreamy-wildflower,2026-07-26 14:20,draft,
first_193,하루 끝나갈 때쯤 보는 결과물은\n낮보다 조금 더 솔직하게 다가오는 것 같아\n그래서 좋음,image_recommended,none,no,yes,dreamy-wildflower|datecam-film|idol-photocard,2026-07-26 17:26,draft,
second_282,한 번쯤은\n내 얼굴이 저 장면 안에 있으면 어떨지 궁금해질 거임\n\n그럴 때 보기 좋은 쪽\nstyledrop.cloud,direct_cta,none,yes,no,idol-photocard|red-carpet-glam|dreamy-wildflower,2026-07-26 19:33,draft,
first_293,혼자 만들어서 더 그런지\n누가 와서 한 장만 올려도\n오늘 밤 기분이 꽤 달라질 것 같아,text_only,none,no,no,,2026-07-26 21:50,draft,
second_283,프로필용으로 보든\n친구 보내는 용도로 보든\n가볍게 놀기엔 꽤 편한 구조로 만들었음\n\nstyledrop.cloud,direct_cta,soft,yes,no,idol-photocard|red-carpet-glam|dreamy-wildflower,2026-07-27 10:32,draft,
first_095,점심시간에 한 번쯤\n내 얼굴로 다른 버전의 나를 보는 경험\n그거 생각보다 기분 전환됨 ✨\nhttps://www.styledrop.cloud/,direct_cta,direct,yes,yes,idol-photocard|red-carpet-glam|dreamy-wildflower,2026-07-27 12:13,draft,
second_284,설명 길게 붙는 순간 재미가 줄어서\n카드부터 보고 감 오게 만드는 쪽으로 정리했음\n\nstyledrop.cloud,direct_cta,none,yes,no,idol-photocard|red-carpet-glam|dreamy-wildflower,2026-07-27 14:20,draft,
first_194,친구한테 한번 보내봐도 돼\n딱 이 말 붙이기 쉬운 서비스면\n일단 반은 한 것 같더라,text_only,none,no,no,,2026-07-27 17:53,draft,
second_285,이건 뭐랄까\n엄청 진지하게 쓰는 서비스보다 소소하게 들어가 보는 서비스에 가까움\n\nstyledrop.cloud,direct_cta,none,yes,no,idol-photocard|red-carpet-glam|dreamy-wildflower,2026-07-27 19:38,draft,
first_294,지금 이 시간에 보는 서비스는\n대체로 저장까지 가야 기억나더라\n그래서 저장하고 싶은 컷을 만들고 싶었어,text_only,none,no,no,,2026-07-27 21:09,draft,
second_286,결과 하나 뽑고 끝내는 것보다\n옆 카드 하나 더 눌러보게 되면 이미 충분하다고 봄\n\nstyledrop.cloud,direct_cta,soft,yes,no,idol-photocard|red-carpet-glam|dreamy-wildflower,2026-07-28 10:56,draft,
first_096,나도 원래 이런 거 잘 안 믿는데\n결과물 뜨는 순간\n아 이건 좀 저장하고 싶다 싶더라,image_recommended,none,no,yes,dreamy-wildflower|datecam-film|idol-photocard,2026-07-28 12:28,draft,
second_287,비슷한 분위기만 반복되면 질리니까\n장면 간 온도차를 크게 준 쪽으로 만들었음\n\nstyledrop.cloud,direct_cta,none,yes,no,idol-photocard|red-carpet-glam|dreamy-wildflower,2026-07-28 14:05,draft,
first_195,퇴근길에 가볍게 눌렀다가\n생각보다 오래 남는 결과를 보면\n이상하게 잘 만들었다는 안도감이 든다 ✨\nhttps://www.styledrop.cloud/,direct_cta,direct,yes,yes,idol-photocard|red-carpet-glam|dreamy-wildflower,2026-07-28 17:32,draft,
second_288,괜히 과하게 추천하진 않을게\n근데 장면 구경하는 재미는 생각보다 확실히 있음\n\nstyledrop.cloud,direct_cta,none,yes,no,idol-photocard|red-carpet-glam|dreamy-wildflower,2026-07-28 19:35,draft,
first_295,나도 해봐야겠다\n이 생각이 슬쩍 드는 정도면 충분하다고 봐\n너무 세게 밀고 싶진 않았거든 🙂\nhttps://www.styledrop.cloud/,direct_cta,direct,yes,yes,idol-photocard|red-carpet-glam|dreamy-wildflower,2026-07-28 21:40,draft,
second_289,사진 보정앱 느낌보다는\n내 얼굴로 장면 체험하는 쪽에 더 가까움\n\n그 결 좋아하면 styledrop.cloud,direct_cta,soft,yes,no,idol-photocard|red-carpet-glam|dreamy-wildflower,2026-07-29 10:01,draft,
first_097,이상하게 내 사진은 늘 비슷한데\n스타일만 바뀌면 갑자기 새로워 보여\n그 차이가 재밌어서 만들었어,image_recommended,none,no,yes,dreamy-wildflower|datecam-film|idol-photocard,2026-07-29 12:00,draft,
second_290,혼자 보기 아까운 결과가 나오면\n이런 서비스는 그걸로 꽤 역할을 다했다고 봄\n\nstyledrop.cloud,direct_cta,none,yes,no,idol-photocard|red-carpet-glam|dreamy-wildflower,2026-07-29 14:26,draft,
first_196,오늘도 내 사진 보면서 느낀 건데\n사람은 각도보다 분위기가 더 크더라\n그래서 계속 그쪽으로 손보고 있어,image_recommended,none,no,yes,dreamy-wildflower|datecam-film|idol-photocard,2026-07-29 17:49,draft,
second_291,그냥 카드 몇 개만 훑어봐도\n이 서비스가 어느 방향인지 바로 감 잡힐 거야\n\nstyledrop.cloud,direct_cta,none,yes,no,idol-photocard|red-carpet-glam|dreamy-wildflower,2026-07-29 19:36,draft,
first_296,밤은 늘 조금 과몰입의 시간이라\n내 얼굴 하나에도 괜히 의미를 붙이게 돼\n그래서 더 재미있나 봐,text_only,none,no,no,,2026-07-29 21:28,draft,
second_292,멋있는 장면이든 웃긴 장면이든\n내 얼굴이 들어가면 체감이 완전히 달라지더라\n\nstyledrop.cloud,direct_cta,none,yes,no,idol-photocard|red-carpet-glam|dreamy-wildflower,2026-07-30 10:54,draft,
first_098,점심에 잠깐 와서\n한 번 해보고 그냥 넘어가도 괜찮은데\n아마 한 번 더 돌리게 될 걸,text_only,none,no,no,,2026-07-30 12:22,draft,
second_293,결과가 비슷하게 느껴지는 피로감이 있다면\n장면부터 다르게 보는 게 확실히 낫더라\n\nstyledrop.cloud,direct_cta,none,yes,no,idol-photocard|red-carpet-glam|dreamy-wildflower,2026-07-30 14:16,draft,
first_197,혼자 만들어서 더 그런지\n반응 하나에도 하루 기분이 크게 왔다 갔다 해\n좋은 쪽으로 흔들리면 좋겠다 싶고,text_only,none,no,no,,2026-07-30 17:08,draft,
second_294,친구랑 같이 보기 좋은 카드도 있고\n혼자 조용히 보는 카드도 있어서\n가볍게 구경만 해도 재밌을 수 있음\n\nstyledrop.cloud,direct_cta,soft,yes,no,idol-photocard|red-carpet-glam|dreamy-wildflower,2026-07-30 19:42,draft,
first_297,내가 만든 결과물 중에서도\n유독 밤에만 예뻐 보이는 컷들이 있어\n그런 건 대개 무드가 먼저 와,image_recommended,none,no,yes,dreamy-wildflower|datecam-film|idol-photocard,2026-07-30 21:54,draft,
second_295,지금 필요한 게 거창한 툴이 아니라\n짧게 재밌는 거라면 이쪽이 더 맞을 수도 있음\n\nstyledrop.cloud,direct_cta,none,yes,no,idol-photocard|red-carpet-glam|dreamy-wildflower,2026-07-31 10:02,draft,
first_099,이거 만들고 나서\n제일 많이 들은 말이\n생각보다 잘 나온다는 말이었음\n그 말이 꽤 반갑더라,text_only,none,no,no,,2026-07-31 12:32,draft,
second_296,설명보다 감이 먼저 오는 서비스가 오래 남더라\n그래서 카드형으로 최대한 가볍게 풀었음\n\nstyledrop.cloud,direct_cta,soft,yes,no,idol-photocard|red-carpet-glam|dreamy-wildflower,2026-07-31 14:47,draft,
first_198,AI 오디션 결과는\n퇴근길에 보면 더 웃김\n괜히 오늘의 나를 평가받는 기분이 들어서,image_recommended,none,no,yes,dreamy-wildflower|datecam-film|idol-photocard,2026-07-31 17:00,draft,
second_297,심심할 때 한두 장면 보는 용도로도 괜찮고\n친구 하나 떠오를 때 들어와도 괜찮음\n\nstyledrop.cloud,direct_cta,none,yes,no,idol-photocard|red-carpet-glam|dreamy-wildflower,2026-07-31 19:30,draft,
first_298,혼자 디자인하고 개발한 거라\n정교하진 않아도 애정은 많이 들어갔어\n그건 밤에 더 솔직하게 말하게 된다,text_only,none,no,no,,2026-07-31 21:20,draft,
second_298,내 사진 넣었을 때\n어떤 장면이 제일 잘 어울릴지 보는 재미가 분명 있음\n\n취향 맞나 보려면 styledrop.cloud,direct_cta,none,yes,no,idol-photocard|red-carpet-glam|dreamy-wildflower,2026-08-01 10:16,draft,
second_299,AI 사진 서비스가 너무 결과 중심으로만 느껴졌다면\n이번엔 장면 고르는 과정부터 한 번 봐도 됨\n\nstyledrop.cloud,direct_cta,none,yes,no,idol-photocard|red-carpet-glam|dreamy-wildflower,2026-08-01 14:36,draft,
first_199,지금 이 시간엔\n예쁜 것보다 공감 가는 게 좋잖아\n그래서 글도 서비스도 조금 덜 꾸몄어,text_only,none,no,no,,2026-08-01 17:20,draft,
second_300,엄청 과하게 추천하진 않을게\n그냥 소소하게 들어와서 한 장면씩 넘겨보는 재미가 있다 정도\n\nstyledrop.cloud,direct_cta,none,yes,no,idol-photocard|red-carpet-glam|dreamy-wildflower,2026-08-01 19:32,draft,
first_299,지금 누워서 보고 있다면\n아마 조만간 셀카 하나 고르고 있을 가능성이 큼\n이상하게 그런 흐름이 있어,text_only,none,no,no,,2026-08-01 21:11,draft,
first_300,하루 끝에 작은 호기심 하나 남기고 싶어서 만든 서비스야\n광고처럼 보이기보단\n그냥 나도 이런 거 만들었다는 얘기에 가깝고\n재밌게 써주면 그걸로 충분해\nhttps://www.styledrop.cloud/,direct_cta,direct,yes,yes,idol-photocard|red-carpet-glam|dreamy-wildflower,2026-08-02 21:38,draft,
